Site Label,Collection Site or Zone,Plot,Point,Date,Depth,Plant,Rake fullness,Wet Mass ,Bag Dry Mass ,# of twists/point,Rake size,Dry Mass
Breezeswept N Site 1 (SW corner),Breezeswept North,1,A+B+C,2017-08-25,1.9,Eurasian Watermilfoil,NA,NA,1.9967,3,0.0214,31.101
Breezeswept N Site 1 (SW corner),Breezeswept North,1,A+B+C,2017-08-25,1.9,Coontail,NA,NA,1.8079,3,0.0214,28.16
Breezeswept N Site 1 (SW corner),Breezeswept North,1,A+B+C,2017-08-25,1.9,Flatstem Pondweed,NA,NA,0.0347,3,0.0214,0.54
Breezeswept N Site 1 (SW corner),Breezeswept North,1,A+B+C,2017-08-25,1.9,Elodea,NA,NA,11.6,3,0.0214,180.685
Breezeswept N Site 1 (SW corner),Breezeswept North,1,A+B+C,2017-08-25,1.9,Various-leaved Watermilfoil,NA,NA,0.064,3,0.0214,0.997
Breezeswept N Site 1 (SW corner),Breezeswept North,1,A+B+C,2017-08-25,1.9,Small Pondweed,NA,NA,0.1344,3,0.0214,2.093
Breezeswept N Site 1 (SW corner),Breezeswept North,1,A+B+C,2017-08-25,1.9,Eel Grass/Water Celery,NA,NA,0.307,3,0.0214,4.782
Breezeswept N Site 2 (near dock),Breezeswept North,2,A+B+C,2017-08-25,1.8,Eurasian Watermilfoil,NA,NA,1.9743,3,0.0214,30.752
Breezeswept N Site 2 (near dock),Breezeswept North,2,A+B+C,2017-08-25,1.8,Flatstem Pondweed,NA,NA,2.2334,3,0.0214,34.788
Breezeswept N Site 2 (near dock),Breezeswept North,2,A+B+C,2017-08-25,1.8,Elodea,NA,NA,15.6,3,0.0214,242.991
Breezeswept N Site 2 (near dock),Breezeswept North,2,A+B+C,2017-08-25,1.8,Coontail,NA,NA,1.5126,3,0.0214,23.561
Breezeswept N Site 2 (near dock),Breezeswept North,2,A+B+C,2017-08-25,1.8,Small Pondweed,NA,NA,0.1679,3,0.0214,2.615
Breezeswept N Site 3 (offshore from dock),Breezeswept North,3,A+B+C,2017-08-25,1.75,Eurasian Watermilfoil,NA,NA,18.7,3,0.0214,291.277
Breezeswept N Site 3 (offshore from dock),Breezeswept North,3,A+B+C,2017-08-25,1.75,Flatstem Pondweed,NA,NA,0.5294,3,0.0214,8.246
Breezeswept N Site 3 (offshore from dock),Breezeswept North,3,A+B+C,2017-08-25,1.75,Water Stargrass,NA,NA,1.1065,3,0.0214,17.235
Breezeswept N Site 3 (offshore from dock),Breezeswept North,3,A+B+C,2017-08-25,1.75,Coontail,NA,NA,2.9144,3,0.0214,45.396
Breezeswept N Site 3 (offshore from dock),Breezeswept North,3,A+B+C,2017-08-25,1.75,Various-leaved Watermilfoil,NA,NA,2.4221,3,0.0214,37.727
Breezeswept N Site 3 (offshore from dock),Breezeswept North,3,A+B+C,2017-08-25,1.75,Small Pondweed,NA,NA,2.1846,3,0.0214,34.028
Breezeswept N Site 3 (offshore from dock),Breezeswept North,3,A+B+C,2017-08-25,1.75,Eel Grass/Water Celery,NA,NA,2.2698,3,0.0214,35.355
Breezeswept N Site 3 (offshore from dock),Breezeswept North,3,A+B+C,2017-08-25,1.75,Elodea,NA,NA,2.0887,3,0.0214,32.534
Breezeswept N Site 3 (offshore from dock),Breezeswept North,3,A+B+C,2017-08-25,1.75,Curly Leaf Pondweed,NA,NA,0.2995,3,0.0214,4.665
Breezeswept North 1.1,Breezeswept North,1,A+B+C,2017-07-19,1.9,Eurasian Watermilfoil,NA,NA,2.8,3,0.0214,43.614
Breezeswept North 1.1,Breezeswept North,1,A+B+C,2017-07-19,1.9,Elodea,NA,NA,12,3,0.0214,186.916
Breezeswept North 1.1,Breezeswept North,1,A+B+C,2017-07-19,1.9,Flatstem Pondweed,NA,NA,0.2555,3,0.0214,3.98
Breezeswept North 1.1,Breezeswept North,1,A+B+C,2017-07-19,1.9,Coontail,NA,NA,5.8,3,0.0214,90.343
Breezeswept North 1.1,Breezeswept North,1,A+B+C,2017-07-19,1.9,Curly Leaf Pondweed,NA,NA,0.6338,3,0.0214,9.872
Breezeswept North 1.2,Breezeswept North,2,A+B+C,2017-07-19,2,Eurasian Watermilfoil,NA,NA,6,3,0.0214,93.458
Breezeswept North 1.2,Breezeswept North,2,A+B+C,2017-07-19,2,Elodea,NA,NA,13,3,0.0214,202.492
Breezeswept North 1.2,Breezeswept North,2,A+B+C,2017-07-19,2,Coontail,NA,NA,0.5434,3,0.0214,8.464
Breezeswept North 1.2,Breezeswept North,2,A+B+C,2017-07-19,2,Small Pondweed,NA,NA,1.6667,3,0.0214,25.961
Breezeswept North 1.2,Breezeswept North,2,A+B+C,2017-07-19,2,Variable Pondweed,NA,NA,1.6,3,0.0214,24.922
Breezeswept North 1.2,Breezeswept North,2,A+B+C,2017-07-19,2,Whorled milfoil,NA,NA,0.6363,3,0.0214,9.911
Breezeswept North 1.3,Breezeswept North,3,A,2017-07-20,1.9,Elodea,NA,NA,0.4116,1,0.0214,19.234
Breezeswept North 1.3,Breezeswept North,3,A,2017-07-20,1.9,Algal-leaf Pondweed,NA,NA,2.5505,1,0.0214,119.182
Breezeswept North 1.4,Breezeswept North,4,A,2017-07-20,nr,Eurasian Watermilfoil,NA,NA,0.0677,1,0.0214,3.164
Breezeswept North 1.4,Breezeswept North,4,A,2017-07-20,nr,Elodea,NA,NA,1.1905,1,0.0214,55.631
Breezeswept North 1.4,Breezeswept North,4,A,2017-07-20,nr,Chara spp.,NA,NA,0.6553,1,0.0214,30.621
Breezeswept North 1.4,Breezeswept North,4,A,2017-07-20,nr,White Watercrowfoot,NA,NA,0.0574,1,0.0214,2.682
Breezeswept North 1.5,Breezeswept North,5,A,2017-07-20,nr,Eurasian Watermilfoil,NA,NA,1.0975,1,0.0214,51.285
Breezeswept North 1.5,Breezeswept North,5,A,2017-07-20,nr,Elodea,NA,NA,6.9,1,0.0214,322.43
Breezeswept North 1.5,Breezeswept North,5,A,2017-07-20,nr,Variable Pondweed,NA,NA,2.2,1,0.0214,102.804
Breezeswept North 1.5,Breezeswept North,5,A,2017-07-20,nr,Algal-leaf Pondweed,NA,NA,0.5147,1,0.0214,24.051
Breezeswept S pt1,Breezeswept South,1,A,2017-08-24,1.75,Not sorted,NA,NA,NA,1,0.0214,NA
Breezeswept S pt1,Breezeswept South,1,B,2017-08-24,1.75,Not sorted,NA,NA,NA,1,0.0214,NA
Breezeswept S pt1,Breezeswept South,1,C,2017-08-24,1.75,Not sorted,NA,NA,NA,1,0.0214,NA
Breezeswept S pt2,Breezeswept South,2,A+B+C,2017-08-24,1.8,Eurasian Watermilfoil,NA,NA,8.4,3,0.0214,130.841
Breezeswept S pt2,Breezeswept South,2,A+B+C,2017-08-24,1.8,Water Stargrass,NA,NA,0.0353,3,0.0214,0.55
Breezeswept S pt2,Breezeswept South,2,A+B+C,2017-08-24,1.8,Small Nitella,NA,NA,7.0343,3,0.0214,109.569
Breezeswept S pt2,Breezeswept South,2,A+B+C,2017-08-24,1.8,Various-leaved Watermilfoil,NA,NA,0.3089,3,0.0214,4.812
Breezeswept S pt2,Breezeswept South,2,A+B+C,2017-08-24,1.8,Elodea,NA,NA,1.3788,3,0.0214,21.477
Breezeswept S pt2,Breezeswept South,2,A+B+C,2017-08-24,1.8,Coontail,NA,NA,0.0455,3,0.0214,0.709
Breezeswept S pt2,Breezeswept South,2,A+B+C,2017-08-24,1.8,Eel Grass/Water Celery,NA,NA,0.6106,3,0.0214,9.511
Breezeswept South 1.1,Breezeswept South,1,A+B+C,2017-07-19,1.5,Eurasian Watermilfoil,NA,NA,0.0085,3,0.0214,0.132
Breezeswept South 1.1,Breezeswept South,1,A+B+C,2017-07-19,1.5,Chara spp.,NA,NA,0.0105,3,0.0214,0.164
Breezeswept South 1.1,Breezeswept South,1,A+B+C,2017-07-19,1.5,Elodea,NA,NA,0.2454,3,0.0214,3.822
Breezeswept South 1.1,Breezeswept South,1,A+B+C,2017-07-19,1.5,Small Pondweed,NA,NA,0.0178,3,0.0214,0.277
Breezeswept South 1.2,Breezeswept South,2,A,2017-07-20,1.5,Eurasian Watermilfoil,NA,NA,0.0719,1,0.0214,3.36
Breezeswept South 1.2,Breezeswept South,2,A,2017-07-20,1.5,Small Pondweed,NA,NA,0.9064,1,0.0214,42.355
Breezeswept South 1.2,Breezeswept South,2,A,2017-07-20,1.5,Elodea,NA,NA,0.0405,1,0.0214,1.893
Breezeswept South 1.2,Breezeswept South,2,A,2017-07-20,1.5,Flatstem Pondweed,NA,NA,0.0106,1,0.0214,0.495
Breezeswept South 1.2,Breezeswept South,2,A,2017-07-20,1.5,Floating-leaf bur-read,NA,NA,0.1402,1,0.0214,6.551
Breezeswept South 1.3,Breezeswept South,3,A,2017-07-20,1.75,Eurasian Watermilfoil,NA,NA,0.9359,1,0.0214,43.734
Breezeswept South 1.3,Breezeswept South,3,A,2017-07-20,1.75,Elodea,NA,NA,1.4,1,0.0214,65.421
Breezeswept South 1.3,Breezeswept South,3,A,2017-07-20,1.75,Flatstem Pondweed,NA,NA,1.2864,1,0.0214,60.112
Chappel bouy 3 East,Chappel,3,A+B+C,2017-08-24,2.1,Eurasian Watermilfoil,NA,NA,8.6,3,0.0214,133.956
Chappel bouy 3 East,Chappel,3,A+B+C,2017-08-24,2.1,Naiad,NA,NA,0.174,3,0.0214,2.71
Chappel bouy 3 East,Chappel,3,A+B+C,2017-08-24,2.1,Elodea,NA,NA,0.0515,3,0.0214,0.802
Chappel bouy 3 East,Chappel,3,A+B+C,2017-08-24,2.1,Chara spp.,NA,NA,0.0619,3,0.0214,0.964
Chappel bouy 3 East,Chappel,3,A+B+C,2017-08-24,2.1,Lake Quillwort,NA,NA,0.892,3,0.0214,13.894
Chappel bouy 4 East,Chappel,4,A+B+C,2017-08-24,nr,Eurasian Watermilfoil,NA,NA,11.1,3,0.0214,172.897
Chappel bouy 5 West,Chappel,5,A+B+C,2017-08-24,1.9,Eurasian Watermilfoil,NA,NA,2.192,3,0.0214,34.143
Chappel bouy 5 West,Chappel,5,A+B+C,2017-08-24,1.9,Clasping-leaf Pondweed,NA,NA,6.4587,3,0.0214,100.603
Chappel bouy 5 West,Chappel,5,A+B+C,2017-08-24,1.9,Slender Naiad,NA,NA,1.5672,3,0.0214,24.411
Chappel bouy 5 West,Chappel,5,A+B+C,2017-08-24,1.9,Northern Watermilfoil,NA,NA,0.1821,3,0.0214,2.836
Chappel bouy 5 West,Chappel,5,A+B+C,2017-08-24,1.9,Lake Quillwort,NA,NA,3.1498,3,0.0214,49.062
Chappell-Bouy1,Chappel,1,A+B,2017-06-21,2.2,Eurasian Watermilfoil,NA,NA,6.3,2,0.0214,147.196
Chappell-Bouy1,Chappel,1,A+B,2017-06-21,2.2,Lake Quillwort,NA,NA,0.0709,2,0.0214,1.657
Chappell-Bouy2,Chappel,2,A+B,2017-06-21,2.2,Eurasian Watermilfoil,NA,NA,16.1,2,0.0214,376.168
Court East 1.1,Court East,1,A+B+C,2017-07-19,2,Elodea,NA,NA,13.1,3,0.0214,204.05
Court East 1.1,Court East,1,A+B+C,2017-07-19,2,Coontail,NA,NA,3.5652,3,0.0214,55.533
Court East 1.1,Court East,1,A+B+C,2017-07-19,2,Curly Leaf Pondweed,NA,NA,0.0196,3,0.0214,0.305
Court East 1.2,Court East,2,A+B+C,2017-07-19,nr,Eurasian Watermilfoil,NA,NA,1.3086,3,0.0214,20.383
Court East 1.3,Court East,3,A+B+C,2017-07-19,1.75,Elodea,NA,NA,1.7041,3,0.0214,26.544
Court East 1.3,Court East,3,A+B+C,2017-07-19,1.75,Eurasian Watermilfoil,NA,NA,1.8528,3,0.0214,28.86
Court East 1.3,Court East,3,A+B+C,2017-07-19,1.75,Slender Naiad,NA,NA,0.0063,3,0.0214,0.098
Court East 1.3,Court East,3,A+B+C,2017-07-19,1.75,Coontail,NA,NA,0.5657,3,0.0214,8.812
Court East Bouy 1,Court East,1,A,2017-08-23,1.4,Eurasian Watermilfoil,NA,NA,3.5271,1,0.0214,164.818
Court East Bouy 1,Court East,1,A,2017-08-23,1.4,Elodea,NA,NA,3.1065,1,0.0214,145.164
Court East Bouy 1,Court East,1,A,2017-08-23,1.4,Coontail,NA,NA,1.8557,1,0.0214,86.715
Court East Bouy 1,Court East,1,B,2017-08-23,1.4,Eurasian Watermilfoil,NA,NA,2.3344,1,0.0214,109.084
Court East Bouy 1,Court East,1,B,2017-08-23,1.4,Elodea,NA,NA,1.883,1,0.0214,87.991
Court East Bouy 1,Court East,1,B,2017-08-23,1.4,Coontail,NA,NA,0.0597,1,0.0214,2.79
Court East Bouy 1,Court East,1,B,2017-08-23,1.4,Small Pondweed,NA,NA,0.2065,1,0.0214,9.65
Court East Bouy 1,Court East,1,C,2017-08-23,1.4,Eurasian Watermilfoil,NA,NA,0.0945,1,0.0214,4.416
Court East Bouy 1,Court East,1,C,2017-08-23,1.4,Elodea,NA,NA,0.507,1,0.0214,23.692
Court East Bouy 1,Court East,1,C,2017-08-23,1.4,Coontail,NA,NA,0.3533,1,0.0214,16.509
Court East Bouy 2,Court East,2,A,2017-08-23,1.5,Eurasian Watermilfoil,NA,NA,0.225,1,0.0214,10.514
Court East Bouy 2,Court East,2,A,2017-08-23,1.5,Coontail,NA,NA,0.324,1,0.0214,15.14
Court East Bouy 2,Court East,2,A,2017-08-23,1.5,Elodea,NA,NA,0.0553,1,0.0214,2.584
Court East Bouy 2,Court East,2,A,2017-08-23,1.5,Small Pondweed,NA,NA,0.0038,1,0.0214,0.178
Court East Bouy 2,Court East,2,B,2017-08-23,1.5,Eurasian Watermilfoil,NA,NA,0.6169,1,0.0214,28.827
Court East Bouy 2,Court East,2,B,2017-08-23,1.5,Coontail,NA,NA,0.4328,1,0.0214,20.224
Court East Bouy 2,Court East,2,B,2017-08-23,1.5,Elodea,NA,NA,1.8731,1,0.0214,87.528
Court East Bouy 2,Court East,2,B,2017-08-23,1.5,Small Pondweed,NA,NA,0.1261,1,0.0214,5.893
Court East Bouy 2,Court East,2,C,2017-08-23,1.5,Eurasian Watermilfoil,NA,NA,0.3139,1,0.0214,14.668
Court East Bouy 2,Court East,2,C,2017-08-23,1.5,Coontail,NA,NA,0.2742,1,0.0214,12.813
Court East Bouy 2,Court East,2,C,2017-08-23,1.5,Elodea,NA,NA,0,1,0.0214,0
Court East Bouy 4,Court East,4,A,2017-08-23,1.9,Eurasian Watermilfoil,NA,NA,0.1701,1,0.0214,7.949
Court East Bouy 4,Court East,4,A,2017-08-23,1.9,Elodea,NA,NA,4.90915,1,0.0214,229.4
Court East Bouy 4,Court East,4,A,2017-08-23,1.9,Coontail,NA,NA,9.6651,1,0.0214,451.64
Court East Bouy1,Court East,1,A+B+C,2017-07-19,1.8,Eurasian Watermilfoil,NA,NA,9.8,3,0.0214,152.648
Court East Bouy1,Court East,1,A+B+C,2017-07-19,1.8,Elodea,NA,NA,17.2,3,0.0214,267.913
Court East Bouy1,Court East,1,A+B+C,2017-07-19,1.8,Coontail,NA,NA,0.726,3,0.0214,11.308
Court East Bouy1,Court East,1,A+B+C,2017-07-19,1.8,Small Pondweed,NA,NA,0.6241,3,0.0214,9.721
Court East Bouy2,Court East,2,A+B+C,2017-07-19,1.75,Elodea,NA,NA,4,3,0.0214,62.305
Court East Bouy2,Court East,2,A+B+C,2017-07-19,1.75,Eurasian Watermilfoil,NA,NA,1.7671,3,0.0214,27.525
Court East Bouy2,Court East,2,A+B+C,2017-07-19,1.75,Small Pondweed,NA,NA,0.9235,3,0.0214,14.385
Court East Bouy2,Court East,2,A+B+C,2017-07-19,1.75,Coontail,NA,NA,0.0113,3,0.0214,0.176
Court East Bouy2,Court East,2,A+B+C,2017-07-19,1.75,Curly Leaf Pondweed,NA,NA,0.0426,3,0.0214,0.664
Court West 1.1,Court West,1,A,2017-07-20,2.5,Eurasian Watermilfoil,NA,NA,0.06,1,0.0214,2.804
Court West 1.1,Court West,1,A,2017-07-20,2.5,Elodea,NA,NA,0.9138,1,0.0214,42.701
Court West 1.1,Court West,1,A,2017-07-20,2.5,Small Pondweed,NA,NA,0.6055,1,0.0214,28.294
Court West 1.1,Court West,1,A,2017-07-20,2.5,Coontail,NA,NA,0.5995,1,0.0214,28.014
Court West 1.2,Court West,2,A,2017-07-20,2,Eurasian Watermilfoil,NA,NA,1.3916,1,0.0214,65.028
Court West 1.2,Court West,2,A,2017-07-20,2,Elodea,NA,NA,0.4156,1,0.0214,19.421
Court West 1.2,Court West,2,A,2017-07-20,2,Small Pondweed,NA,NA,0.0833,1,0.0214,3.893
Court West 1.2,Court West,2,A,2017-07-20,2,Coontail,NA,NA,0.6462,1,0.0214,30.196
Court West 1.2,Court West,2,A,2017-07-20,2,Curly Leaf Pondweed,NA,NA,0.0292,1,0.0214,1.364
Court West 1.3,Court West,3,A,2017-07-20,2.6,Elodea,NA,NA,1.4103,1,0.0214,65.902
Court West 1.3,Court West,3,A,2017-07-20,2.6,Small Pondweed,NA,NA,3.7,1,0.0214,172.897
Court West 1.3,Court West,3,A,2017-07-20,2.6,Coontail,NA,NA,0.5152,1,0.0214,24.075
Court West Bouy 3,Court West,3,A+B+C,2017-07-20,1.8,Eurasian Watermilfoil,NA,NA,7,3,0.0214,109.034
Court West Bouy 3,Court West,3,A+B+C,2017-07-20,1.8,Small Pondweed,NA,NA,13.4,3,0.0214,208.723
Court West Bouy 3,Court West,3,A+B+C,2017-07-20,1.8,Elodea,NA,NA,11.8,3,0.0214,183.801
Court West Bouy 3,Court West,3,A+B+C,2017-07-20,1.8,Coontail,NA,NA,5.4,3,0.0214,84.112
Court West Bouy 3,Court West,3,A+B+C,2017-07-20,1.8,Curly Leaf Pondweed,NA,NA,0.0557,3,0.0214,0.868
Court West Bouy 3,Court West,3,A+B+C,2017-07-20,1.8,Flatstem Pondweed,NA,NA,0.3696,3,0.0214,5.757
Court West Bouy 3,Court West,3,A+B+C,2017-07-20,1.8,Chara spp.,NA,NA,0.0077,3,0.0214,0.12
Court West bouy 3,Court West,3,A,2017-08-23,2,Eurasian Watermilfoil,NA,NA,0.4826,1,0.0214,22.551
Court West bouy 3,Court West,3,A,2017-08-23,2,Coontail,NA,NA,2.5997,1,0.0214,121.481
Court West bouy 3,Court West,3,A,2017-08-23,2,Elodea,NA,NA,1.7873,1,0.0214,83.519
Court West bouy 3,Court West,3,A,2017-08-23,2,Small Pondweed,NA,NA,2.3444,1,0.0214,109.551
Court West bouy 3,Court West,3,B,2017-08-23,2,Eurasian Watermilfoil,NA,NA,5.6,1,0.0214,261.682
Court West bouy 3,Court West,3,B,2017-08-23,2,Coontail,NA,NA,0.4515,1,0.0214,21.098
Court West bouy 3,Court West,3,B,2017-08-23,2,Elodea,NA,NA,0.1044,1,0.0214,4.879
Court West bouy 3,Court West,3,C,2017-08-23,2,Eurasian Watermilfoil,NA,NA,0.4252,1,0.0214,19.869
Court West bouy 3,Court West,3,C,2017-08-23,2,Flatstem Pondweed,NA,NA,0.1904,1,0.0214,8.897
Court West bouy 3,Court West,3,C,2017-08-23,2,Coontail,NA,NA,0.7726,1,0.0214,36.103
Court West bouy 3,Court West,3,C,2017-08-23,2,Elodea,NA,NA,0.0744,1,0.0214,3.477
Court West bouy 3,Court West,3,C,2017-08-23,2,Small Pondweed,NA,NA,0.0317,1,0.0214,1.481
Court West bouy 5,Court West,5,A,2017-08-23,2,Eurasian Watermilfoil,NA,NA,0.9361,1,0.0214,43.743
Court West bouy 5,Court West,5,A,2017-08-23,2,Coontail,NA,NA,2.2008,1,0.0214,102.841
Court West bouy 5,Court West,5,A,2017-08-23,2,Flatstem Pondweed,NA,NA,0.4432,1,0.0214,20.71
Court West bouy 5,Court West,5,A,2017-08-23,2,Elodea,NA,NA,1.8358,1,0.0214,85.785
Court West bouy 5,Court West,5,A,2017-08-23,2,Small Pondweed,NA,NA,0.302,1,0.0214,14.112
Court2-1,Court Dock,2,1,2016-07-14,0.3,Eurasian Watermilfoil,2,NA,NA,1,0.125,NA
Court2-1,Court Dock,2,1,2016-07-14,0.3,Coontail,1,8.5,0.4617,1,0.125,3.694
Court2-1,Court Dock,2,1,2016-07-14,0.3,Small Pondweed,1,9.8,0.7001,1,0.125,5.601
Court2-1,Court Dock,2,1,2016-07-14,0.3,Algal-leaved Pondweed,1,2.9,0.2586,1,0.125,2.069
Court2-1,Court Dock,2,1,2016-07-14,0.3,Elodea,4,434.2,29.2223,1,0.125,233.778
Court2-1,Court Dock,2,1,2016-07-14,0.3,Various-leaved Watermilfoil,2,18.7,1.0836,1,0.125,8.669
Court2-2,Court Dock,2,2,2016-07-14,0.3,Eurasian Watermilfoil,1,2,0.1394,1,0.125,1.115
Court2-2,Court Dock,2,2,2016-07-14,0.3,Coontail,1,1.5,0.0674,1,0.125,0.539
Court2-2,Court Dock,2,2,2016-07-14,0.3,Algal-leaved Pondweed,1,7.8,0.8396,1,0.125,6.717
Court2-2,Court Dock,2,2,2016-07-14,0.3,Elodea,4,533.6,45.3606,1,0.125,362.885
Court2-2,Court Dock,2,2,2016-07-14,0.3,Flatstem Pondweed,1,NA,0.0124,1,0.125,0.099
Court2-2,Court Dock,2,2,2016-07-14,0.3,Various-leaved Watermilfoil,1,24.1,1.5894,1,0.125,12.715
Court2-3,Court Dock,2,3,2016-07-14,1.9,Eurasian Watermilfoil,2,119.8,NA,1,0.125,NA
Court2-3,Court Dock,2,3,2016-07-14,1.9,Coontail,1,12,0.787,1,0.125,6.296
Court2-3,Court Dock,2,3,2016-07-14,1.9,Curly-leaf Pondweed,1,4.8,0.3281,1,0.125,2.625
Court2-3,Court Dock,2,3,2016-07-14,1.9,Algal-leaved Pondweed,2,32.6,3.6171,1,0.125,28.937
Court2-3,Court Dock,2,3,2016-07-14,1.9,Variable Pondweed,1,1.1,0.0798,1,0.125,0.638
Court2-3,Court Dock,2,3,2016-07-14,1.9,Elodea,3,240.1,21.1552,1,0.125,169.242
Court2-3,Court Dock,2,3,2016-07-14,1.9,Flatstem Pondweed,2,5.7,0.6125,1,0.125,4.9
Court2-4,Court Dock,2,4,2016-07-14,0.3,Coontail,1,41,2.4659,1,0.125,19.727
Court2-4,Court Dock,2,4,2016-07-14,0.3,White Water Crowfoot,1,1,0.0598,1,0.125,0.478
Court2-4,Court Dock,2,4,2016-07-14,0.3,Curly-leaf Pondweed,1,NA,0.2527,1,0.125,2.022
Court2-4,Court Dock,2,4,2016-07-14,0.3,Algal-leaved Pondweed,1,0.7,0.0641,1,0.125,0.513
Court2-4,Court Dock,2,4,2016-07-14,0.3,Elodea,4,575.6,54.4508,1,0.125,435.606
Court2-4,Court Dock,2,4,2016-07-14,0.3,Flatstem Pondweed,1,0.2,0.0427,1,0.125,0.342
Court2-4,Court Dock,2,4,2016-07-14,0.3,Northern Watermilfoil,1,0.1,0.009,1,0.125,0.072
Court2-4,Court Dock,2,4,2016-07-14,0.3,Various-leaved Watermilfoil,1,7.5,0.5105,1,0.125,4.084
Court2-5,Court Dock,2,5,2016-07-14,0.2,Eurasian Watermilfoil,1,35.8,2.6308,1,0.125,21.046
Court2-5,Court Dock,2,5,2016-07-14,0.2,Coontail,1,5,0.2528,1,0.125,2.022
Court2-5,Court Dock,2,5,2016-07-14,0.2,Water Marigold,1,NA,0.1041,1,0.125,0.833
Court2-5,Court Dock,2,5,2016-07-14,0.2,Algal-leaved Pondweed,1,0.1,0.0243,1,0.125,0.194
Court2-5,Court Dock,2,5,2016-07-14,0.2,Variable Pondweed,1,0.9,0.1038,1,0.125,0.83
Court2-5,Court Dock,2,5,2016-07-14,0.2,Elodea,4,287.6,17.2565,1,0.125,138.052
Court2-5,Court Dock,2,5,2016-07-14,0.2,Northern Watermilfoil,1,0.6,0.0442,1,0.125,0.354
Court3-1,Court Dock,3,1,2016-07-14,nr,Coontail,1,1.9,0.0914,1,0.125,0.731
Court3-1,Court Dock,3,1,2016-07-14,nr,Small Pondweed,1,0.2,0.0457,1,0.125,0.366
Court3-1,Court Dock,3,1,2016-07-14,nr,Algal-leaved Pondweed,3,NA,7.1589,1,0.125,57.271
Court3-1,Court Dock,3,1,2016-07-14,nr,Elodea,1,38.6,2.8339,1,0.125,22.671
Court3-1,Court Dock,3,1,2016-07-14,nr,Flatstem Pondweed,1,4.8,0.4621,1,0.125,3.697
Court3-2,Court Dock,3,2,2016-07-14,nr,Eurasian Watermilfoil,1,1.7,0.1936,1,0.125,1.549
Court3-2,Court Dock,3,2,2016-07-14,nr,Coontail,2,66.2,NA,1,0.125,NA
Court3-2,Court Dock,3,2,2016-07-14,nr,Curly-leaf Pondweed,1,0.1,0.0142,1,0.125,0.114
Court3-2,Court Dock,3,2,2016-07-14,nr,Algal-leaved Pondweed,3,98.2,9.067,1,0.125,72.536
Court3-2,Court Dock,3,2,2016-07-14,nr,Elodea,2,91.6,6.1246,1,0.125,48.997
Court3-2,Court Dock,3,2,2016-07-14,nr,Flatstem Pondweed,1,6.9,0.7416,1,0.125,5.933
Court3-3,Court Dock,3,3,2016-07-14,nr,Coontail,1,4.9,0.2474,1,0.125,1.979
Court3-3,Court Dock,3,3,2016-07-14,nr,Curly-leaf Pondweed,1,NA,0.0428,1,0.125,0.342
Court3-3,Court Dock,3,3,2016-07-14,nr,Algal-leaved Pondweed,3,108.3,11.9524,1,0.125,95.619
Court3-3,Court Dock,3,3,2016-07-14,nr,Elodea,3,151.3,10.5064,1,0.125,84.051
Court3-3,Court Dock,3,3,2016-07-14,nr,Flatstem Pondweed,1,0.1,0.0251,1,0.125,0.201
Court3-4,Court Dock,3,4,2016-07-14,nr,Coontail,1,NA,1.8962,1,0.125,15.17
Court3-4,Court Dock,3,4,2016-07-14,nr,Algal-leaved Pondweed,1,NA,1.0115,1,0.125,8.092
Court3-4,Court Dock,3,4,2016-07-14,nr,Elodea,4,NA,24.2603,1,0.125,194.082
Court3-4,Court Dock,3,4,2016-07-14,nr,Flatstem Pondweed,1,NA,0.3118,1,0.125,2.494
Court3-5,Court Dock,3,5,2016-07-14,nr,Eurasian Watermilfoil,1,NA,0.2062,1,0.125,1.65
Court3-5,Court Dock,3,5,2016-07-14,nr,Coontail,1,NA,0.9636,1,0.125,7.709
Court3-5,Court Dock,3,5,2016-07-14,nr,Curly-leaf Pondweed,1,NA,0.0741,1,0.125,0.593
Court3-5,Court Dock,3,5,2016-07-14,nr,Algal-leaved Pondweed,2,NA,7.8564,1,0.125,62.851
Court3-5,Court Dock,3,5,2016-07-14,nr,Elodea,4,NA,17.9374,1,0.125,143.499
Court3-5,Court Dock,3,5,2016-07-14,nr,Slender Naiad,1,NA,0.0119,1,0.125,0.095
Court3-5,Court Dock,3,5,2016-07-14,nr,Flatstem Pondweed,1,NA,0.0956,1,0.125,0.765
CourtE,Court East,NA,1,2016-08-26,nr,Eurasian Watermilfoil,1,11.7823,0.8536,1,0.125,6.829
CourtE,Court East,NA,1,2016-08-26,nr,Coontail,1,13.3789,0.8727,1,0.125,6.982
CourtE,Court East,NA,1,2016-08-26,nr,Water Marigold,1,1.0016,0.0731,1,0.125,0.585
CourtE,Court East,NA,1,2016-08-26,nr,Algal-leaved Pondweed,1,0.0058,0.0056,1,0.125,0.045
CourtE,Court East,NA,1,2016-08-26,nr,Eel Grass/Water Celery,1,77.6,4.4047,1,0.125,35.238
CourtE,Court East,NA,1,2016-08-26,nr,Elodea,2,144.6,13.4921,1,0.125,107.937
CourtE-1,Court East,1,1,2016-07-14,nr,Eurasian Watermilfoil,2,69.4,6.4936,1,0.125,51.949
CourtE-1,Court East,1,1,2016-07-14,nr,Coontail,1,1.5,0.1194,1,0.125,0.955
CourtE-1,Court East,1,1,2016-07-14,nr,Algal-leaved Pondweed,1,0.7,0.0961,1,0.125,0.769
CourtE-1,Court East,1,1,2016-07-14,nr,Elodea,1,30.6,2.7156,1,0.125,21.725
CourtE-1,Court East,1,1,2016-07-14,nr,Flatstem Pondweed,1,0.1,0.0313,1,0.125,0.25
CourtE-2,Court East,2,1,2016-07-14,nr,Eurasian Watermilfoil,1,25.2,1.8743,1,0.125,14.994
CourtE-2,Court East,2,1,2016-07-14,nr,Coontail,1,0.6,0.0687,1,0.125,0.55
CourtE-2,Court East,2,1,2016-07-14,nr,Curly-leaf Pondweed,1,zero,0.0083,1,0.125,0.066
CourtE-2,Court East,2,1,2016-07-14,nr,Algal-leaved Pondweed,1,zero,0.0088,1,0.125,0.07
CourtE-2,Court East,2,1,2016-07-14,nr,Elodea,3,219.6,16.1926,1,0.125,129.541
CourtE-2,Court East,2,1,2016-07-14,nr,Slender Naiad,1,0.1,0.0112,1,0.125,0.09
CourtE-2,Court East,2,1,2016-07-14,nr,Flatstem Pondweed,1,1.2,0.0903,1,0.125,0.722
CourtE-3,Court East,3,1,2016-07-14,nr,Eurasian Watermilfoil,1,32.7,2.6042,1,0.125,20.834
CourtE-3,Court East,3,1,2016-07-14,nr,Water Marigold,1,13.7,1.0077,1,0.125,8.062
CourtE-3,Court East,3,1,2016-07-14,nr,Curly-leaf Pondweed,1,0.1,0.0113,1,0.125,0.09
CourtE-3,Court East,3,1,2016-07-14,nr,Algal-leaved Pondweed,1,11.4,1.1056,1,0.125,8.845
CourtE-3,Court East,3,1,2016-07-14,nr,Elodea,4,440.5,37.1558,1,0.125,297.246
CourtE-3,Court East,3,1,2016-07-14,nr,Flatstem Pondweed,1,0.4,0.0572,1,0.125,0.458
CourtE-4,Court East,4,1,2016-07-14,nr,Eurasian Watermilfoil,2,188.9,18.7453,1,0.125,149.962
CourtE-4,Court East,4,1,2016-07-14,nr,Coontail,1,2.8,0.1902,1,0.125,1.522
CourtE-4,Court East,4,1,2016-07-14,nr,Curly-leaf Pondweed,1,0.4,0.0583,1,0.125,0.466
CourtE-4,Court East,4,1,2016-07-14,nr,Small Pondweed,1,0.2,0.0236,1,0.125,0.189
CourtE-4,Court East,4,1,2016-07-14,nr,Elodea,2,140,13.3219,1,0.125,106.575
CourtE-5,Court East,5,1,2016-07-14,nr,Eurasian Watermilfoil,1,6.8,0.4906,1,0.125,3.925
CourtE-5,Court East,5,1,2016-07-14,nr,Coontail,1,1.5,0.0969,1,0.125,0.775
CourtE-5,Court East,5,1,2016-07-14,nr,Water Marigold,1,2.8,0.1588,1,0.125,1.27
CourtE-5,Court East,5,1,2016-07-14,nr,Algal-leaved Pondweed,2,NA,0.1965,1,0.125,1.572
CourtE-5,Court East,5,1,2016-07-14,nr,Elodea,2,228.1,18.706,1,0.125,149.648
CourtE-5,Court East,5,1,2016-07-14,nr,Flatstem Pondweed,1,0.6,0.0928,1,0.125,0.742
CourtE-Bouy1,Court East,1,A+B+C,2017-06-20,1.5,Eurasian Watermilfoil,NA,NA,29.8,3,0.0214,464.174
CourtE-Bouy1,Court East,1,A+B+C,2017-06-20,1.5,Elodea,NA,NA,6.7,3,0.0214,104.361
CourtE-Bouy1,Court East,1,A+B+C,2017-06-20,1.5,Small Pondweed,NA,NA,13.9,3,0.0214,216.511
CourtE-Bouy1,Court East,1,A+B+C,2017-06-20,1.5,Coontail,NA,NA,7.7,3,0.0214,119.938
CourtE-Bouy1,Court East,1,A+B+C,2017-06-20,1.5,Flatstem Pondweed,NA,NA,2.5,3,0.0214,38.941
CourtE-Bouy2,Court East,2,A+B+C,2017-06-20,1.5,Eurasian Watermilfoil,NA,NA,8.4,3,0.0214,130.841
CourtE-Bouy2,Court East,2,A+B+C,2017-06-20,1.5,Elodea,NA,NA,21.5,3,0.0214,334.891
CourtE-Bouy2,Court East,2,A+B+C,2017-06-20,1.5,Coontail,NA,NA,2.4007,3,0.0214,37.394
CourtE-Bouy2,Court East,2,A+B+C,2017-06-20,1.5,Small Pondweed,NA,NA,0.6149,3,0.0214,9.578
CourtE-Bouy2,Court East,2,A+B+C,2017-06-20,1.5,Clasping-leaf Pondweed,NA,NA,0.0189,3,0.0214,0.294
CourtE-Bouy3,Court East,3,A+B+C,2017-06-20,1.5,Eurasian Watermilfoil,NA,NA,11.1,3,0.0214,172.897
CourtE-Bouy3,Court East,3,A+B+C,2017-06-20,1.5,Elodea,NA,NA,23.3,3,0.0214,362.928
CourtE-Bouy3,Court East,3,A+B+C,2017-06-20,1.5,Coontail,NA,NA,8.9,3,0.0214,138.629
CourtE-Bouy3,Court East,3,A+B+C,2017-06-20,1.5,Small Pondweed,NA,NA,0.1131,3,0.0214,1.762
CourtE-Bouy3,Court East,3,A+B+C,2017-06-20,1.5,Leafy,NA,NA,0.0507,3,0.0214,0.79
CRAMP-1,CRAMP,NA,A,2018-08-20,nr,Coontail,NA,NA,1.9575,1,0.0214,91.472
CRAMP-1,CRAMP,1,A,2018-08-20,nr,Eurasian Watermilfoil,NA,NA,10.1267,1,0.0214,473.21
CRAMP-1,CRAMP,1,A,2018-08-20,nr,Eurasian Watermilfoil,NA,NA,1.1488,1,0.0214,53.682
CRAMP-1,CRAMP,1,B,2018-08-20,nr,Eurasian Watermilfoil,NA,NA,NA,1,0.0214,NA
CRAMP-1,CRAMP,1,C,2018-08-20,nr,Coontail,NA,NA,0.4297,1,0.0214,20.079
CRAMP-1,CRAMP,1,C,2018-08-20,nr,Fries Pondweed,NA,NA,0.126,1,0.0214,5.888
CRAMP-1,CRAMP,1,C,2018-08-20,nr,Flatstem Pondweed,NA,NA,5.0998,1,0.0214,238.308
CRAMP-1,CRAMP,1,A,2018-08-20,nr,Coontail,NA,NA,7.6977,1,0.0214,359.706
CRAMP-1,CRAMP,1,B,2018-08-20,nr,Coontail,NA,NA,NA,1,0.0214,NA
CRAMP-1,CRAMP,1,A,2018-08-20,nr,Fries Pondweed,NA,NA,2.329,1,0.0214,108.832
CRAMP-1,CRAMP,1,B,2018-08-20,nr,Fries Pondweed,NA,NA,NA,1,0.0214,NA
CRAMP-1,CRAMP,1,A,2018-08-20,nr,Flatstem Pondweed,NA,NA,NA,1,0.0214,NA
CRAMP-1,CRAMP,1,B,2018-08-20,nr,Flatstem Pondweed,NA,NA,NA,1,0.0214,NA
CRAMP-1,CRAMP,1,A,2018-08-20,nr,Flatstem Pondweed,NA,NA,0.7915,1,0.0214,36.986
CRAMP-1,CRAMP,1,A,2018-08-20,nr,Fries Pondweed,NA,NA,0.0486,1,0.0214,2.271
CRAMP-1,CRAMP,1,C,2018-08-20,nr,Eurasian Watermilfoil,NA,NA,1.4523,1,0.0214,67.864
CRAMP-2,CRAMP,2,C,2018-08-20,nr,Elodea,NA,NA,0.7426,1,0.0214,34.701
CRAMP-2,CRAMP,2,C,2018-08-20,nr,Coontail,NA,NA,9.2495,1,0.0214,432.22
CRAMP-2,CRAMP,2,B,2018-08-20,nr,Fries Pondweed,NA,NA,0.0263,1,0.0214,1.229
CRAMP-2,CRAMP,2,C,2018-08-20,nr,Flatstem Pondweed,NA,NA,2.2024,1,0.0214,102.916
CRAMP-2,CRAMP,2,B,2018-08-20,nr,Flatstem Pondweed,NA,NA,0.374,1,0.0214,17.477
CRAMP-2,CRAMP,2,A,2018-08-20,nr,Eurasian Watermilfoil,NA,NA,0.008,1,0.0214,0.374
CRAMP-2,CRAMP,2,A,2018-08-20,nr,Elodea,NA,NA,0.4856,1,0.0214,22.692
CRAMP-2,CRAMP,2,C,2018-08-20,nr,Fries Pondweed,NA,NA,0.0962,1,0.0214,4.495
CRAMP-2,CRAMP,2,C,2018-08-20,nr,Eurasian Watermilfoil,NA,NA,0.231,1,0.0214,10.794
CRAMP-2,CRAMP,2,A,2018-08-20,nr,Fries Pondweed,NA,NA,1.847,1,0.0214,86.308
CRAMP-2,CRAMP,2,A,2018-08-20,nr,Flatstem Pondweed,NA,NA,8.3561,1,0.0214,390.472
CRAMP-2,CRAMP,2,A,2018-08-20,nr,Coontail,NA,NA,0.4944,1,0.0214,23.103
CRAMP-3,CRAMP,3,C,2018-08-20,nr,Elodea,NA,NA,0.3068,1,0.0214,14.336
CRAMP-3,CRAMP,3,C,2018-08-20,nr,Fries Pondweed,NA,NA,1.042,1,0.0214,48.692
CRAMP-3,CRAMP,3,B,2018-08-20,nr,Flatstem Pondweed,NA,NA,0.4103,1,0.0214,19.173
CRAMP-3,CRAMP,3,A,2018-08-20,nr,Eurasian Watermilfoil,NA,NA,0.9277,1,0.0214,43.35
CRAMP-3,CRAMP,3,C,2018-08-20,nr,Flatstem Pondweed,NA,NA,2.6531,1,0.0214,123.977
CRAMP-3,CRAMP,3,B,2018-08-20,nr,Coontail,NA,NA,3.0226,1,0.0214,141.243
CRAMP-3,CRAMP,3,B,2018-08-20,nr,Elodea,NA,NA,0.0809,1,0.0214,3.78
CRAMP-3,CRAMP,3,A,2018-08-20,nr,Flatstem Pondweed,NA,NA,0.0502,1,0.0214,2.346
CRAMP-3,CRAMP,3,A,2018-08-20,nr,Elodea,NA,NA,0.4087,1,0.0214,19.098
CRAMP-3,CRAMP,3,C,2018-08-20,nr,Coontail,NA,NA,33.9539,1,0.0214,1586.631
CRAMP-3,CRAMP,3,A,2018-08-20,nr,Coontail,NA,NA,22.8595,1,0.0214,1068.201
CRAMP-3,CRAMP,3,B,2018-08-20,nr,Fries Pondweed,NA,NA,0.7959,1,0.0214,37.192
CRAMP-3,CRAMP,3,A,2018-08-20,nr,Fries Pondweed,NA,NA,0.5362,1,0.0214,25.056
FDS 4 virtual bouy 1,FDS,1,A,2017-08-22,2.1,Eurasian Watermilfoil,NA,NA,0.6189,1,0.0214,28.921
FDS 4 virtual bouy 1,FDS,1,A,2017-08-22,2.1,Water Stargrass,NA,NA,0.0364,1,0.0214,1.701
FDS 4 virtual bouy 1,FDS,1,A,2017-08-22,2.1,Elodea,NA,NA,0.4377,1,0.0214,20.453
FDS 4 virtual bouy 1,FDS,1,B,2017-08-22,2.1,Eurasian Watermilfoil,NA,NA,2.3609,1,0.0214,110.322
FDS 4 virtual bouy 1,FDS,1,B,2017-08-22,2.1,Water Stargrass,NA,NA,0.1313,1,0.0214,6.136
FDS 4 virtual bouy 1,FDS,1,B,2017-08-22,2.1,Elodea,NA,NA,0.2212,1,0.0214,10.336
FDS 4 virtual bouy 1,FDS,1,B,2017-08-22,2.1,Coontail,NA,NA,0.2878,1,0.0214,13.449
FDS 4 virtual bouy 1,FDS,1,C,2017-08-22,2.1,Eurasian Watermilfoil,NA,NA,0.6722,1,0.0214,31.411
FDS 4 virtual bouy 1,FDS,1,C,2017-08-22,2.1,Water Stargrass,NA,NA,0.0859,1,0.0214,4.014
FDS 4 virtual bouy 1,FDS,1,C,2017-08-22,2.1,Elodea,NA,NA,0.8596,1,0.0214,40.168
FDS 4 virtual bouy 1,FDS,1,C,2017-08-22,2.1,Coontail,NA,NA,0.0355,1,0.0214,1.659
FDS 4 virtual bouy 1,FDS,1,C,2017-08-22,2.1,Small Pondweed,NA,NA,0.0107,1,0.0214,0.5
FDS 4 virtual bouy 2,FDS,2,A,2017-08-22,2.1,Eurasian Watermilfoil,NA,NA,6.8067,1,0.0214,318.07
FDS 4 virtual bouy 2,FDS,2,B,2017-08-22,2.1,Eurasian Watermilfoil,NA,NA,3.6565,1,0.0214,170.864
FDS 4 virtual bouy 2,FDS,2,C,2017-08-22,2.1,Eurasian Watermilfoil,NA,NA,5.9,1,0.0214,275.701
FDS 4 virtual bouy 2,FDS,2,C,2017-08-22,2.1,Elodea,NA,NA,0.0055,1,0.0214,0.257
FDS 4 virtual bouy 2,FDS,2,C,2017-08-22,2.1,Eel Grass/Water Celery,NA,NA,0.002,1,0.0214,0.093
FDS Aug 1.1,FDS,1,A+B+C,2017-07-18,2.5,Eurasian Watermilfoil,NA,NA,3.1,3,0.0214,48.287
FDS Aug 1.1,FDS,1,A+B+C,2017-07-18,2.5,Coontail,NA,NA,6.8241,3,0.0214,106.294
FDS Aug 1.1,FDS,1,A+B+C,2017-07-18,2.5,Curly Leaf Pondweed,NA,NA,0.4566,3,0.0214,7.112
FDS Aug 1.1,FDS,1,A+B+C,2017-07-18,2.5,Elodea,NA,NA,2.6211,3,0.0214,40.827
FDS Aug 1.1,FDS,1,A+B+C,2017-07-18,2.5,Water Stargrass,NA,NA,0.0255,3,0.0214,0.397
FDS Aug 1.2,FDS,2,A+B+C,2017-07-18,2.5,Eurasian Watermilfoil,NA,NA,2.6483,3,0.0214,41.251
FDS Aug 1.2,FDS,2,A+B+C,2017-07-18,2.5,Small Pondweed,NA,NA,0.179,3,0.0214,2.788
FDS Aug 1.2,FDS,2,A+B+C,2017-07-18,2.5,Elodea,NA,NA,0.9484,3,0.0214,14.773
FDS Aug 1.2,FDS,2,A+B+C,2017-07-18,2.5,Coontail,NA,NA,0.2555,3,0.0214,3.98
FDS Aug 1.2,FDS,2,A+B+C,2017-07-18,2.5,Curly Leaf Pondweed,NA,NA,0.2213,3,0.0214,3.447
FDS Aug 1.2,FDS,2,A+B+C,2017-07-18,2.5,Flatstem Pondweed,NA,NA,1.0975,3,0.0214,17.095
FDS Aug 1.4,FDS,4,A,2017-07-19,2.3,Elodea,NA,NA,1.9311,1,0.0214,90.238
FDS Aug 1.4,FDS,4,A,2017-07-19,2.3,Eurasian Watermilfoil,NA,NA,0.2596,1,0.0214,12.131
FDS Aug 1.4,FDS,4,A,2017-07-19,2.3,Water Stargrass,NA,NA,0.1668,1,0.0214,7.794
FDS Aug 1.4,FDS,4,A,2017-07-19,2.3,Small Pondweed,NA,NA,0.113,1,0.0214,5.28
FDS Aug 1.4,FDS,4,A,2017-07-19,2.3,Curly Leaf Pondweed,NA,NA,0.1113,1,0.0214,5.201
FDS Aug 1.5,FDS,5,A,2017-07-19,2.4,Elodea,NA,NA,0.014,1,0.0214,0.654
FDS Aug 1.5,FDS,5,A,2017-07-19,2.4,Eurasian Watermilfoil,NA,NA,0.6788,1,0.0214,31.72
FDS Aug 2.1,FDS,1,A+B+C,2017-07-18,2.5,Water Stargrass,NA,NA,0.0406,3,0.0214,0.632
FDS Aug 2.1,FDS,1,A+B+C,2017-07-18,2.5,Eurasian Watermilfoil,NA,NA,6,3,0.0214,93.458
FDS Aug 2.1,FDS,1,A+B+C,2017-07-18,2.5,Elodea,NA,NA,0.2447,3,0.0214,3.812
FDS Aug 2.1,FDS,1,A+B+C,2017-07-18,2.5,Coontail,NA,NA,0.1893,3,0.0214,2.949
FDS Aug 2.1,FDS,1,A+B+C,2017-07-18,2.5,Small Pondweed,NA,NA,0.1449,3,0.0214,2.257
FDS Aug 2.2,FDS,2,A,2017-07-19,2.2,Eurasian Watermilfoil,NA,NA,1.7,1,0.0214,79.439
FDS Control 1.1,FDS,1,A+B+C,2017-07-19,2.5,Elodea,NA,NA,5.3,3,0.0214,82.555
FDS Control 1.1,FDS,1,A+B+C,2017-07-19,2.5,Coontail,NA,NA,2.201,3,0.0214,34.283
FDS Control 1.1,FDS,1,A+B+C,2017-07-19,2.5,Small Pondweed,NA,NA,0.1009,3,0.0214,1.572
FDS Control 1.1,FDS,1,A+B+C,2017-07-19,2.5,Leafy Pondweed,NA,NA,0.125,3,0.0214,1.947
FDS Control 1.2,FDS,2,A+B+C,2017-07-19,nr,Elodea,NA,NA,8.4,3,0.0214,130.841
FDS Control 1.2,FDS,2,A+B+C,2017-07-19,nr,Eurasian Watermilfoil,NA,NA,1.0719,3,0.0214,16.696
FDS Control 1.2,FDS,2,A+B+C,2017-07-19,nr,Flatstem Pondweed,NA,NA,0.7765,3,0.0214,12.095
FDS Control 1.2,FDS,2,A+B+C,2017-07-19,nr,Coontail,NA,NA,1.7594,3,0.0214,27.405
FDS Control 1.3,FDS,3,A+B+C,2017-07-19,2.3,Elodea,NA,NA,10.6,3,0.0214,165.109
FDS Control 1.3,FDS,3,A+B+C,2017-07-19,2.3,Eurasian Watermilfoil,NA,NA,8.2,3,0.0214,127.726
FDS Control 1.3,FDS,3,A+B+C,2017-07-19,2.3,Coontail,NA,NA,0.0174,3,0.0214,0.271
FDS Control 1.3,FDS,3,A+B+C,2017-07-19,2.3,Water Stargrass,NA,NA,0.0196,3,0.0214,0.305
FDS Control 1.4,FDS,4,A,2017-07-19,2.3,Elodea,NA,NA,4,1,0.0214,186.916
FDS Control 1.4,FDS,4,A,2017-07-19,2.3,Eurasian Watermilfoil,NA,NA,0.1355,1,0.0214,6.332
FDS Control 1.4,FDS,4,A,2017-07-19,2.3,Coontail,NA,NA,0.5293,1,0.0214,24.734
FDS Control 1.5,FDS,5,A,2017-07-19,2.5,Elodea,NA,NA,9.1,1,0.0214,425.234
FDS Control 1.5,FDS,5,A,2017-07-19,2.5,Water Stargrass,NA,NA,0.037,1,0.0214,1.729
FDS Control 1.5,FDS,5,A,2017-07-19,2.5,Coontail,NA,NA,1.7461,1,0.0214,81.593
FDS Control 1.5,FDS,5,A,2017-07-19,2.5,Flatstem Pondweed,NA,NA,1.2615,1,0.0214,58.949
FDS Control 1.5,FDS,5,A,2017-07-19,2.5,Chara spp.,NA,NA,0.0174,1,0.0214,0.813
FDS Control-1,FDS,1,A,2017-08-22,2,Eurasian Watermilfoil,NA,NA,1.3272,1,0.0214,62.019
FDS Control-1,FDS,1,A,2017-08-22,2,Elodea,NA,NA,1.041,1,0.0214,48.645
FDS Control-1,FDS,1,A,2017-08-22,2,Eel Grass/Water Celery,NA,NA,1.369,1,0.0214,63.972
FDS Control-1,FDS,1,A,2017-08-22,2,Water Marigold,NA,NA,0.3239,1,0.0214,15.136
FDS Control-1,FDS,1,B,2017-08-22,2,Eurasian Watermilfoil,NA,NA,14.1,1,0.0214,658.879
FDS Control-1,FDS,1,B,2017-08-22,2,Flatstem Pondweed,NA,NA,0.3743,1,0.0214,17.491
FDS Control-1,FDS,1,B,2017-08-22,2,Elodea,NA,NA,2.2155,1,0.0214,103.528
FDS Control-1,FDS,1,B,2017-08-22,2,Common Bladderwort,NA,NA,1.577,1,0.0214,73.692
FDS Control-1,FDS,1,B,2017-08-22,2,Eel Grass/Water Celery,NA,NA,0.1042,1,0.0214,4.869
FDS Control-1,FDS,1,B,2017-08-22,2,Coontail,NA,NA,0.0247,1,0.0214,1.154
FDS Control-1,FDS,1,B,2017-08-22,2,Small Pondweed,NA,NA,0.0852,1,0.0214,3.981
FDS Control-1,FDS,1,C,2017-08-22,2,Eurasian Watermilfoil,NA,NA,0.74,1,0.0214,34.579
FDS Control-1,FDS,1,C,2017-08-22,2,Water Stargrass,NA,NA,0.0016,1,0.0214,0.075
FDS Control-1,FDS,1,C,2017-08-22,2,Elodea,NA,NA,2.1798,1,0.0214,101.86
FDS Control-2,FDS,2,A,2017-08-22,2,Flatstem Pondweed,NA,NA,1.3984,1,0.0214,65.346
FDS Control-2,FDS,2,A,2017-08-22,2,Elodea,NA,NA,0.6408,1,0.0214,29.944
FDS Control-2,FDS,2,A,2017-08-22,2,Eel Grass/Water Celery,NA,NA,0.2749,1,0.0214,12.846
FDS Control-2,FDS,2,A,2017-08-22,2,Chara spp.,NA,NA,0.0778,1,0.0214,3.636
FDS Control-2,FDS,2,B,2017-08-22,2,Eurasian Watermilfoil,NA,NA,0.1986,1,0.0214,9.28
FDS Control-2,FDS,2,B,2017-08-22,2,Flatstem Pondweed,NA,NA,1.8172,1,0.0214,84.916
FDS Control-2,FDS,2,B,2017-08-22,2,Water Stargrass,NA,NA,1.5692,1,0.0214,73.327
FDS Control-2,FDS,2,B,2017-08-22,2,Coontail,NA,NA,0.0358,1,0.0214,1.673
FDS Control-2,FDS,2,B,2017-08-22,2,Elodea,NA,NA,10.5502,1,0.0214,493
FDS Control-2,FDS,2,C,2017-08-22,2,Eurasian Watermilfoil,NA,NA,0.0807,1,0.0214,3.771
FDS Control-2,FDS,2,C,2017-08-22,2,Elodea,NA,NA,2.3,1,0.0214,107.477
FDS Control-2,FDS,2,C,2017-08-22,2,Eel Grass/Water Celery,NA,NA,0.0704,1,0.0214,3.29
FDS1-1,FDS,1,1,2016-07-15,2,Eurasian Watermilfoil,2,81.9,7.0217,1,0.125,56.174
FDS1-1,FDS,1,1,2016-07-15,2,Water Marigold,1,0.4,0.0344,1,0.125,0.275
FDS1-1,FDS,1,1,2016-07-15,2,Algal-leaved Pondweed,1,0,0.0067,1,0.125,0.054
FDS1-1,FDS,1,1,2016-07-15,2,Elodea,3,NA,4.0421,1,0.125,32.337
FDS1-1,FDS,1,1,2016-07-15,2,Slender Naiad,1,0.3,0.0301,1,0.125,0.241
FDS1-1,FDS,1,1,2016-07-15,2,Flatstem Pondweed,1,0.1,0.0207,1,0.125,0.166
FDS1-2,FDS,2,1,2016-07-15,2,Eurasian Watermilfoil,1,10.6,0.8429,1,0.125,6.743
FDS1-2,FDS,2,1,2016-07-15,2,Coontail,1,0.5,0.0504,1,0.125,0.403
FDS1-2,FDS,2,1,2016-07-15,2,Whitestem Pondweed,1,NA,0.0159,1,0.125,0.127
FDS1-2,FDS,2,1,2016-07-15,2,Algal-leaved Pondweed,1,0,0.0144,1,0.125,0.115
FDS1-2,FDS,2,1,2016-07-15,2,Fern Pondweed,1,0,0.0153,1,0.125,0.122
FDS1-2,FDS,2,1,2016-07-15,2,Elodea,2,11.6,1.0733,1,0.125,8.586
FDS1-2,FDS,2,1,2016-07-15,2,Slender Naiad,1,0.2,0.0085,1,0.125,0.068
FDS1-2,FDS,2,1,2016-07-15,2,Flatstem Pondweed,2,50.7,3.3659,1,0.125,26.927
FDS1-3,FDS,3,1,2016-07-15,nr,Eurasian Watermilfoil,2,164.3,16.3881,1,0.125,131.105
FDS1-3,FDS,3,1,2016-07-15,nr,Water Marigold,1,0.5,0.0359,1,0.125,0.287
FDS1-3,FDS,3,1,2016-07-15,nr,Whitestem Pondweed,1,0,0.0083,1,0.125,0.066
FDS1-3,FDS,3,1,2016-07-15,nr,Eel Grass/Water Celery,1,11.3,0.59,1,0.125,4.72
FDS1-3,FDS,3,1,2016-07-15,nr,Elodea,1,17.6,2.0259,1,0.125,16.207
FDS1-3,FDS,3,1,2016-07-15,nr,Flatstem Pondweed,1,6,0.7099,1,0.125,5.679
FDS1-3,FDS,3,1,2016-07-15,nr,Water Stargrass,1,4.3,0.2735,1,0.125,2.188
FDS1-4,FDS,4,1,2016-07-15,2,Eurasian Watermilfoil,2,NA,1.9557,1,0.125,15.646
FDS1-4,FDS,4,1,2016-07-15,2,Coontail,1,3.5,0.2952,1,0.125,2.362
FDS1-4,FDS,4,1,2016-07-15,2,Whitestem Pondweed,1,46.7,0.8707,1,0.125,6.966
FDS1-4,FDS,4,1,2016-07-15,2,Elodea,4,677.1,66.7866,1,0.125,534.293
FDS1-4,FDS,4,1,2016-07-15,2,Slender Naiad,1,0.1,0.0241,1,0.125,0.193
FDS1-4,FDS,4,1,2016-07-15,2,Flatstem Pondweed,1,1.1,0.1425,1,0.125,1.14
FDS1-5,FDS,5,1,2016-07-15,2,Eurasian Watermilfoil,1,8.8,1.0948,1,0.125,8.758
FDS1-5,FDS,5,1,2016-07-15,2,Coontail,1,1.5,0.1064,1,0.125,0.851
FDS1-5,FDS,5,1,2016-07-15,2,Curly-leaf Pondweed,1,0.5,0.1949,1,0.125,1.559
FDS1-5,FDS,5,1,2016-07-15,2,Algal-leaved Pondweed,1,0.5,0.087,1,0.125,0.696
FDS1-5,FDS,5,1,2016-07-15,2,Elodea,1,25.1,2.8513,1,0.125,22.81
FDS1-5,FDS,5,1,2016-07-15,2,Flatstem Pondweed,1,zero,0.0322,1,0.125,0.258
FDS1-5,FDS,5,1,2016-07-15,2,Water Stargrass,1,33.3,2.0934,1,0.125,16.747
FDS2-1,FDS,1,1,2016-07-15,1.5,Eurasian Watermilfoil,NA,2.1,0.2307,1,0.125,1.846
FDS2-1,FDS,1,1,2016-07-15,1.5,Coontail,NA,0.4,0.0429,1,0.125,0.343
FDS2-1,FDS,1,1,2016-07-15,1.5,Small Pondweed,NA,0.1,0.0068,1,0.125,0.054
FDS2-1,FDS,1,1,2016-07-15,1.5,Flatstem Pondweed,NA,2.4,0.2838,1,0.125,2.27
FDS2-1,FDS,1,1,2016-07-15,1.5,Northern Watermilfoil,NA,651.1,73.6065,1,0.125,588.852
FDS2-1,FDS,1,1,2016-07-15,1.5,Water Stargrass,NA,2.4,0.123,1,0.125,0.984
FDS2-2,FDS,2,1,2016-07-15,1.5,Water Marigold,NA,2.6,0.2689,1,0.125,2.151
FDS2-2,FDS,2,1,2016-07-15,1.5,Small Pondweed,NA,0.4,0.0506,1,0.125,0.405
FDS2-2,FDS,2,1,2016-07-15,1.5,Elodea,NA,11.8,1.5123,1,0.125,12.098
FDS2-2,FDS,2,1,2016-07-15,1.5,Flatstem Pondweed,NA,2.1,0.3376,1,0.125,2.701
FDS2-2,FDS,2,1,2016-07-15,1.5,Northern Watermilfoil,NA,0.3,0.0328,1,0.125,0.262
FDS2-2,FDS,2,1,2016-07-15,1.5,Water Stargrass,NA,50.9,3.516,1,0.125,28.128
FDS2-3,FDS,3,1,2016-07-15,1.5,Eurasian Watermilfoil,NA,7.6,0.8201,1,0.125,6.561
FDS2-3,FDS,3,1,2016-07-15,1.5,Coontail,NA,0.3,0.0189,1,0.125,0.151
FDS2-3,FDS,3,1,2016-07-15,1.5,Water Marigold,NA,5.9,0.6197,1,0.125,4.958
FDS2-3,FDS,3,1,2016-07-15,1.5,Elodea,NA,292.4,35.1485,1,0.125,281.188
FDS2-3,FDS,3,1,2016-07-15,1.5,Flatstem Pondweed,NA,8.2,1.0202,1,0.125,8.162
FDS2-3,FDS,3,1,2016-07-15,1.5,Water Stargrass,NA,12.1,0.7496,1,0.125,5.997
FDS2-4,FDS,4,1,2016-07-15,1.5,Coontail,NA,5.4,0.6318,1,0.125,5.054
FDS2-4,FDS,4,1,2016-07-15,1.5,Water Marigold,NA,10.8,0.9389,1,0.125,7.511
FDS2-4,FDS,4,1,2016-07-15,1.5,Curly-leaf Pondweed,NA,0.9,0.131,1,0.125,1.048
FDS2-4,FDS,4,1,2016-07-15,1.5,Small Pondweed,NA,17.4,2.4256,1,0.125,19.405
FDS2-4,FDS,4,1,2016-07-15,1.5,Elodea,NA,73.2,10.4648,1,0.125,83.718
FDS2-4,FDS,4,1,2016-07-15,1.5,Chara spp.,NA,5.2,0.9335,1,0.125,7.468
FDS2-4,FDS,4,1,2016-07-15,1.5,Slender Naiad,NA,1,0.1099,1,0.125,0.879
FDS2-4,FDS,4,1,2016-07-15,1.5,Flatstem Pondweed,NA,18.5,2.4138,1,0.125,19.31
FDS2-4,FDS,4,1,2016-07-15,1.5,Water Stargrass,NA,109.8,6.8853,1,0.125,55.082
FDS2-5,FDS,5,1,2016-07-15,1.5,Eurasian Watermilfoil,NA,0.2,0.0401,1,0.125,0.321
FDS2-5,FDS,5,1,2016-07-15,1.5,Coontail,NA,7.4,0.6434,1,0.125,5.147
FDS2-5,FDS,5,1,2016-07-15,1.5,Small Pondweed,NA,3.7,0.514,1,0.125,4.112
FDS2-5,FDS,5,1,2016-07-15,1.5,Elodea,NA,87.6,10.8822,1,0.125,87.058
FDS2-5,FDS,5,1,2016-07-15,1.5,Chara spp.,NA,6.9,1.2738,1,0.125,10.19
FDS2-5,FDS,5,1,2016-07-15,1.5,Flatstem Pondweed,NA,28.5,4.4107,1,0.125,35.286
FDS2-5,FDS,5,1,2016-07-15,1.5,Water Stargrass,NA,78.6,4.9989,1,0.125,39.991
FDS2-pt1,FDS,1,A+B+C,2017-06-22,nr,Leafy Pondweed,NA,NA,1.4425,3,0.0214,22.469
FDS2-pt1,FDS,1,A+B+C,2017-06-22,nr,Small Pondweed,NA,NA,0.0681,3,0.0214,1.061
FDS2-pt1,FDS,1,A+B+C,2017-06-22,nr,Flatstem Pondweed,NA,NA,0.2741,3,0.0214,4.269
FDS2-pt1,FDS,1,A+B+C,2017-06-22,nr,Elodea,NA,NA,5.9,3,0.0214,91.9
FDS2-pt1,FDS,1,A+B+C,2017-06-22,nr,Waterstargrass,NA,NA,1.2891,3,0.0214,20.079
FDS2-pt1,FDS,1,A+B+C,2017-06-22,nr,Coontail,NA,NA,0.3962,3,0.0214,6.171
FDS2-pt1,FDS,1,A+B+C,2017-06-22,nr,Northern Watermilfoil,NA,NA,0.0945,3,0.0214,1.472
FDS2-pt1,FDS,1,A+B+C,2017-06-22,nr,Chara spp.,NA,NA,0.0665,3,0.0214,1.036
FDS2-pt2,FDS,2,A+B+C,2017-06-22,nr,Leafy Pondweed,NA,NA,0.5088,3,0.0214,7.925
FDS2-pt2,FDS,2,A+B+C,2017-06-22,nr,Waterstargrass,NA,NA,17.8,3,0.0214,277.259
FDS2-pt2,FDS,2,A+B+C,2017-06-22,nr,Elodea,NA,NA,0.1851,3,0.0214,2.883
FDS2-pt2,FDS,2,A+B+C,2017-06-22,nr,Coontail,NA,NA,0.2653,3,0.0214,4.132
FDS2-pt2,FDS,2,A+B+C,2017-06-22,nr,Flatstem Pondweed,NA,NA,0.6468,3,0.0214,10.075
FDS4-pt1,FDS,1,A+B+C,2017-06-22,nr,Curly Leaf Pondweed,NA,NA,8.2,3,0.0214,127.726
FDS4-pt1,FDS,1,A+B+C,2017-06-22,nr,Small Pondweed,NA,NA,0.0644,3,0.0214,1.003
FDS4-pt1,FDS,1,A+B+C,2017-06-22,nr,Eurasian Watermilfoil,NA,NA,5.2,3,0.0214,80.997
FDS4-pt1,FDS,1,A+B+C,2017-06-22,nr,Flat Stem Pondweed,NA,NA,0.5505,3,0.0214,8.575
FDS4-pt1,FDS,1,A+B+C,2017-06-22,nr,Elodea,NA,NA,0.4823,3,0.0214,7.512
FDS4-pt1,FDS,1,A+B+C,2017-06-22,nr,Coontail,NA,NA,0.9883,3,0.0214,15.394
FDS4-pt1,FDS,1,A+B+C,2017-06-22,nr,Water Stargrass,NA,NA,1.6789,3,0.0214,26.151
FDS4-pt2,FDS,2,A+B+C,2017-06-22,nr,Curly Leaf Pondweed,NA,NA,0.007,3,0.0214,0.109
FDS4-pt2,FDS,2,A+B+C,2017-06-22,nr,Eurasian Watermilfoil,NA,NA,2.1866,3,0.0214,34.059
FDS4-pt2,FDS,2,A+B+C,2017-06-22,nr,Elodea,NA,NA,6.7,3,0.0214,104.361
FDS4-pt2,FDS,2,A+B+C,2017-06-22,nr,Coontail,NA,NA,0.0508,3,0.0214,0.791
FDS4-pt3,FDS,3,A+B+C,2017-06-22,nr,Eurasian Watermilfoil,NA,NA,20.3,3,0.0214,316.199
FDS4-pt3,FDS,3,A+B+C,2017-06-22,nr,Curly Leaf Pondweed,NA,NA,0.708,3,0.0214,11.028
FDS4-pt3,FDS,3,A+B+C,2017-06-22,nr,Elodea,NA,NA,0.2586,3,0.0214,4.028
FDS8-1,FDS,1,1,2016-07-15,2.3,Eurasian Watermilfoil,1,2.8,0.289,1,0.125,2.312
FDS8-1,FDS,1,1,2016-07-15,2.3,Elodea,2,41.1,4.1582,1,0.125,33.266
FDS8-1,FDS,1,1,2016-07-15,2.3,Water Stargrass,1,0.7,0.0426,1,0.125,0.341
FDS8-2,FDS,2,1,2016-07-15,2.3,Elodea,1,8.7,0.7926,1,0.125,6.341
FDS8-3,FDS,3,1,2016-07-15,1.7,Eurasian Watermilfoil,1,7,0.7814,1,0.125,6.251
FDS8-3,FDS,3,1,2016-07-15,1.7,Elodea,2,144.7,14.6651,1,0.125,117.321
FDS8-3,FDS,3,1,2016-07-15,1.7,Water Stargrass,1,zero,0.0108,1,0.125,0.086
FDS8-4,FDS,4,1,2016-07-15,2.1,Eurasian Watermilfoil,1,0.6,0.051,1,0.125,0.408
FDS8-4,FDS,4,1,2016-07-15,2.1,Elodea,2,148.5,13.694,1,0.125,109.552
FDS8-5,FDS,5,1,2016-07-15,1.8,Eurasian Watermilfoil,1,NA,1.8946,1,0.125,15.157
FDS8-5,FDS,5,1,2016-07-15,1.8,Elodea,1,15.7,1.5598,1,0.125,12.478
FDS8-5,FDS,5,1,2016-07-15,1.8,Water Stargrass,1,5.9,0.4339,1,0.125,3.471
FDS9-1,FDS,1,1,2016-07-15,1,Eurasian Watermilfoil,2,111,11.4594,1,0.125,91.675
FDS9-1,FDS,1,1,2016-07-15,1,Coontail,1,15.9,1.6335,1,0.125,13.068
FDS9-1,FDS,1,1,2016-07-15,1,Elodea,1,NA,7.2857,1,0.125,58.286
FDS9-1,FDS,1,1,2016-07-15,1,Water Stargrass,1,7.8,0.4935,1,0.125,3.948
FDS9-1,FDS,1,1,2016-07-15,1,Flatstem Pondweed,1,1.3,0.142,1,0.125,1.136
FDS9-2,FDS,2,1,2016-07-15,1.6,Eurasian Watermilfoil,1,4.9,0.3017,1,0.125,2.414
FDS9-2,FDS,2,1,2016-07-15,1.6,Coontail,1,0.3,0.0342,1,0.125,0.274
FDS9-2,FDS,2,1,2016-07-15,1.6,Water Marigold,1,2.9,0.206,1,0.125,1.648
FDS9-2,FDS,2,1,2016-07-15,1.6,Eel Grass/Water Celery,1,20.5,1.1604,1,0.125,9.283
FDS9-2,FDS,2,1,2016-07-15,1.6,Elodea,2,93.8,10.2042,1,0.125,81.634
FDS9-2,FDS,2,1,2016-07-15,1.6,Slender Naiad,1,0.9,0.0716,1,0.125,0.573
FDS9-2,FDS,2,1,2016-07-15,1.6,Water Stargrass,2,42.9,2.9718,1,0.125,23.774
FDS9-2,FDS,2,1,2016-07-15,1.6,Flatstem Pondweed,1,4.9,0.8261,1,0.125,6.609
FDS9-3,FDS,3,1,2016-07-15,1.8,Eurasian Watermilfoil,1,37.3,3.8429,1,0.125,30.743
FDS9-3,FDS,3,1,2016-07-15,1.8,Coontail,1,10.7,0.8329,1,0.125,6.663
FDS9-3,FDS,3,1,2016-07-15,1.8,Small Pondweed,1,0.4,0.0391,1,0.125,0.313
FDS9-3,FDS,3,1,2016-07-15,1.8,Elodea,3,131.8,13.4334,1,0.125,107.467
FDS9-3,FDS,3,1,2016-07-15,1.8,Water Stargrass,1,NA,0.2539,1,0.125,2.031
FDS9-3,FDS,3,1,2016-07-15,1.8,Flatstem Pondweed,1,1,0.0847,1,0.125,0.678
FDS9-3,FDS,3,1,2016-07-15,1.8,Various-leaved Watermilfoil,1,1,0.1224,1,0.125,0.979
FDS9-4,FDS,4,1,2016-07-15,1.9,Eurasian Watermilfoil,1,3.9,0.3611,1,0.125,2.889
FDS9-4,FDS,4,1,2016-07-15,1.9,Coontail,1,37.9,3.1589,1,0.125,25.271
FDS9-4,FDS,4,1,2016-07-15,1.9,Water Marigold,1,6.5,0.5544,1,0.125,4.435
FDS9-4,FDS,4,1,2016-07-15,1.9,Elodea,2,86,10.0341,1,0.125,80.273
FDS9-4,FDS,4,1,2016-07-15,1.9,Water Stargrass,1,18.9,1.1707,1,0.125,9.366
FDS9-5,FDS,5,1,2016-07-15,1.6,Eurasian Watermilfoil,1,2.2,0.2645,1,0.125,2.116
FDS9-5,FDS,5,1,2016-07-15,1.6,Coontail,1,3.7,0.3133,1,0.125,2.506
FDS9-5,FDS,5,1,2016-07-15,1.6,Water Marigold,1,5.7,0.4386,1,0.125,3.509
FDS9-5,FDS,5,1,2016-07-15,1.6,Elodea,3,142.2,14.4394,1,0.125,115.515
FDS9-5,FDS,5,1,2016-07-15,1.6,Water Stargrass,1,NA,0.4036,1,0.125,3.229
FDS-Aug1,FDS,1,1,2016-08-25,nr,Eurasian Watermilfoil,2,192.4,17.2798,1,0.125,138.238
FDS-Aug1,FDS,1,1,2016-08-25,nr,Coontail,1,58,3.2076,1,0.125,25.661
FDS-Aug1,FDS,1,1,2016-08-25,nr,White Water Crowfoot,1,1.611,0.1237,1,0.125,0.99
FDS-Aug1,FDS,1,1,2016-08-25,nr,Algal-leaved Pondweed,1,0.1043,0.0157,1,0.125,0.126
FDS-Aug1,FDS,1,1,2016-08-25,nr,Elodea,2,49.4,4.0729,1,0.125,32.583
FDS-Aug1,FDS,1,1,2016-08-25,nr,Slender Naiad,1,1.2532,0.1462,1,0.125,1.17
FDS-Aug2,FDS,2,1,2016-08-25,nr,Eurasian Watermilfoil,1,55.2,4.7191,1,0.125,37.753
FDS-Aug2,FDS,2,1,2016-08-25,nr,Elodea,1,14.0524,1.2088,1,0.125,9.67
FDS-Aug2,FDS,2,1,2016-08-25,nr,Sheathed Pondweed,1,2.1765,0.3078,1,0.125,2.462
FDS-Aug2,FDS,2,2,2016-08-25,nr,Eurasian Watermilfoil,3,413.8,32.7858,1,0.125,262.286
FDS-Aug2,FDS,2,2,2016-08-25,nr,White Water Crowfoot,1,1.2551,0.1327,1,0.125,1.062
FDS-Aug2,FDS,2,2,2016-08-25,nr,Elodea,2,63.5,6.7962,1,0.125,54.37
FDS-Aug2,FDS,2,2,2016-08-25,nr,Sheathed Pondweed,1,34.2,2.5113,1,0.125,20.09
FDS-Aug2,FDS,2,2,2016-08-25,nr,Flatstem Pondweed,1,1.1764,0.2417,1,0.125,1.934
FDS-Aug6,FDS,6,1,2016-08-25,nr,Coontail,1,0.7187,0.1481,1,0.125,1.185
FDS-Aug6,FDS,6,1,2016-08-25,nr,Elodea,1,64.1,9.7514,1,0.125,78.011
FDS-Aug6,FDS,6,1,2016-08-25,nr,Chara spp.,1,15.5,3.5507,1,0.125,28.406
FDS-Aug6,FDS,6,1,2016-08-25,nr,Flatstem Pondweed,1,33.9469,4.7477,1,0.125,37.982
FDS-Aug6,FDS,6,1,2016-08-25,nr,Sheathed Pondweed,4,977.9,76.2593,1,0.125,610.074
FDS-Aug6,FDS,6,1,2016-08-25,nr,Northern Watermilfoil,1,3.3218,0.4734,1,0.125,3.787
FDS-Aug7,FDS,7,1,2016-08-25,nr,Eurasian Watermilfoil,1,27.6481,3.1183,1,0.125,24.946
FDS-Aug7,FDS,7,1,2016-08-25,nr,Water Marigold,1,55.7,6.2143,1,0.125,49.714
FDS-Aug7,FDS,7,1,2016-08-25,nr,White Water Crowfoot,1,1.5623,0.3204,1,0.125,2.563
FDS-Aug7,FDS,7,1,2016-08-25,nr,Elodea,2,136.6,15.7215,1,0.125,125.772
FDS-Aug7,FDS,7,1,2016-08-25,nr,Flatstem Pondweed,1,0.6978,0.1005,1,0.125,0.804
FDS-Aug7,FDS,7,1,2016-08-25,nr,Sheathed Pondweed,3,365.4,23.6708,1,0.125,189.366
Hessel Marina Point 7,Hessel Marina,7,A+B+C,2017-08-24,2.5,Eurasian Watermilfoil,NA,NA,1.0797,3,0.0214,16.818
Hessel Marina Point 7,Hessel Marina,7,A+B+C,2017-08-24,2.5,Coontail,NA,NA,0.9716,3,0.0214,15.134
Hessel Marina Point 7,Hessel Marina,7,A+B+C,2017-08-24,2.5,Elodea,NA,NA,0.6327,3,0.0214,9.855
Hessel Marina Point 8,Hessel Marina,8,A+B+C,2017-08-24,3,Eurasian Watermilfoil,NA,NA,0.7653,3,0.0214,11.921
Hessel Marina Point 8,Hessel Marina,8,A+B+C,2017-08-24,3,Clasping-leaf Pondweed,NA,NA,2.3363,3,0.0214,36.391
Hessel Marina Point 8,Hessel Marina,8,A+B+C,2017-08-24,3,Coontail,NA,NA,0.0974,3,0.0214,1.517
Hessel Marina Point 8,Hessel Marina,8,A+B+C,2017-08-24,3,Elodea,NA,NA,1.6095,3,0.0214,25.07
Hessel Marina Point 9,Hessel Marina,9,A+B+C,2017-08-24,3,Eurasian Watermilfoil,NA,NA,3.2403,3,0.0214,50.472
Hessel Marina Point 9,Hessel Marina,9,A+B+C,2017-08-24,3,Flatstem Pondweed,NA,NA,0.7613,3,0.0214,11.858
Hessel Marina Point 9,Hessel Marina,9,A+B+C,2017-08-24,3,Chara spp.,NA,NA,63.7,3,0.0214,992.212
Hessel Marina Point 9,Hessel Marina,9,A+B+C,2017-08-24,3,Elodea,NA,NA,0.7001,3,0.0214,10.905
Hessel Marina Point 9,Hessel Marina,9,A+B+C,2017-08-24,3,Water Marigold,NA,NA,0.4259,3,0.0214,6.634
Hessel Marina Point 9,Hessel Marina,9,A+B+C,2017-08-24,3,Coontail,NA,NA,0.1598,3,0.0214,2.489
Hessel Marina-1,Hessel Marina,1,C,2018-08-23,nr,Eurasian Watermilfoil,NA,NA,3.874,1,0.0214,181.028
Hessel Marina-1,Hessel Marina,1,A,2018-08-23,nr,Elodea,NA,NA,1.0326,1,0.0214,48.252
Hessel Marina-1,Hessel Marina,1,A,2018-08-23,nr,Naiad,NA,NA,0.0503,1,0.0214,2.35
Hessel Marina-1,Hessel Marina,1,C,2018-08-23,nr,Elodea,NA,NA,0.4311,1,0.0214,20.145
Hessel Marina-1,Hessel Marina,1,B,2018-08-23,nr,Curly Leaf Pondweed,NA,NA,0.7754,1,0.0214,36.234
Hessel Marina-1,Hessel Marina,1,A,2018-08-23,nr,Curly Leaf Pondweed,NA,NA,0.7135,1,0.0214,33.341
Hessel Marina-1,Hessel Marina,1,A,2018-08-23,nr,Clasping-leaf Pondweed,NA,NA,0.2397,1,0.0214,11.201
Hessel Marina-1,Hessel Marina,1,B,2018-08-23,nr,Eurasian Watermilfoil,NA,NA,0.4855,1,0.0214,22.687
Hessel Marina-1,Hessel Marina,1,B,2018-08-23,nr,Elodea,NA,NA,4.5653,1,0.0214,213.332
Hessel Marina-1,Hessel Marina,1,C,2018-08-23,nr,Water Crowfoot,NA,NA,0.1682,1,0.0214,7.86
Hessel Marina-1,Hessel Marina,1,A,2018-08-23,nr,Eurasian Watermilfoil,NA,NA,0.185,1,0.0214,8.645
Hessel Marina-2,Hessel Marina,2,A,2018-08-23,3,Fries Pondweed,NA,NA,NA,1,0.0214,NA
Hessel Marina-2,Hessel Marina,2,B,2018-08-23,3,Eurasian Watermilfoil,NA,NA,0.3363,1,0.0214,15.715
Hessel Marina-2,Hessel Marina,2,B,2018-08-23,3,Naiad,NA,NA,0.0145,1,0.0214,0.678
Hessel Marina-2,Hessel Marina,2,B,2018-08-23,3,Elodea,NA,NA,0.2032,1,0.0214,9.495
Hessel Marina-2,Hessel Marina,2,A,2018-08-23,3,Elodea,NA,NA,0.0354,1,0.0214,1.654
Hessel Marina-2,Hessel Marina,2,B,2018-08-23,3,Fries Pondweed,NA,NA,2.5576,1,0.0214,119.514
Hessel Marina-2,Hessel Marina,2,C,2018-08-23,3,Eurasian Watermilfoil,NA,NA,0.4816,1,0.0214,22.505
Hessel Marina-2,Hessel Marina,2,C,2018-08-23,3,Flatstem Pondweed,NA,NA,1.4284,1,0.0214,66.748
Hessel Marina-2,Hessel Marina,2,A,2018-08-23,3,Eurasian Watermilfoil,NA,NA,1.3294,1,0.0214,62.121
Hessel Marina-2,Hessel Marina,2,A,2018-08-23,3,Clasping-leaf Pondweed,NA,NA,4.1885,1,0.0214,195.724
Hessel Marina-2,Hessel Marina,2,A,2018-08-23,3,Naiad,NA,NA,NA,1,0.0214,NA
Hessel Marina-2,Hessel Marina,2,C,2018-08-23,3,Elodea,NA,NA,0.229,1,0.0214,10.701
Hessel Marina-2,Hessel Marina,2,C,2018-08-23,3,Curly Leaf Pondweed,NA,NA,0.0519,1,0.0214,2.425
Hessel Marina-2,Hessel Marina,2,C,2018-08-23,3,Fries Pondweed,NA,NA,1.2282,1,0.0214,57.393
Hessel Marina-2,Hessel Marina,2,B,2018-08-23,3,Flatstem Pondweed,NA,NA,1.6367,1,0.0214,76.481
Hessel Marina-3,Hessel Marina,3,C,2018-08-23,3.4,Chara spp.,NA,NA,1.5126,1,0.0214,70.682
Hessel Marina-3,Hessel Marina,3,B,2018-08-23,3.4,Flatstem Pondweed,NA,NA,4.6171,1,0.0214,215.752
Hessel Marina-3,Hessel Marina,3,B,2018-08-23,3.4,Chara spp.,NA,NA,4.5267,1,0.0214,211.528
Hessel Marina-3,Hessel Marina,3,C,2018-08-23,3.4,Elodea,NA,NA,0.3014,1,0.0214,14.084
Hessel Marina-3,Hessel Marina,3,C,2018-08-23,3.4,Curly Leaf Pondweed,NA,NA,0.34,1,0.0214,15.888
Hessel Marina-3,Hessel Marina,3,B,2018-08-23,3.4,Elodea,NA,NA,8.8164,1,0.0214,411.981
Hessel Marina-3,Hessel Marina,3,A,2018-08-23,3.4,Eurasian Watermilfoil,NA,NA,0.271,1,0.0214,12.664
Hessel Marina-3,Hessel Marina,3,B,2018-08-23,3.4,Eurasian Watermilfoil,NA,NA,2.1286,1,0.0214,99.467
Hessel Marina-3,Hessel Marina,3,B,2018-08-23,3.4,Fries Pondweed,NA,NA,4.8423,1,0.0214,226.276
Hessel Marina-3,Hessel Marina,3,C,2018-08-23,3.4,Eurasian Watermilfoil,NA,NA,0.237,1,0.0214,11.075
Hessel Marina-3,Hessel Marina,3,C,2018-08-23,3.4,Sheathed Pondweed,NA,NA,1.4832,1,0.0214,69.308
Hessel Marina-3,Hessel Marina,3,C,2018-08-23,3.4,Flatstem Pondweed,NA,NA,2.8942,1,0.0214,135.243
Hessel Marina-3,Hessel Marina,3,B,2018-08-23,3.4,Water Crowfoot,NA,NA,0.1072,1,0.0214,5.009
Hessel Marina-3,Hessel Marina,3,A,2018-08-23,3.4,Elodea,NA,NA,1.4401,1,0.0214,67.294
Hessel Marina-3,Hessel Marina,3,B,2018-08-23,3.4,Curly Leaf Pondweed,NA,NA,2.49,1,0.0214,116.355
HesselControl1.1,Neil,1,A+B+C,2017-07-20,2.25,Eurasian Watermilfoil,NA,NA,6.4,3,0.0214,99.688
HesselControl1.1,Neil,1,A+B+C,2017-07-20,2.25,Chara spp.,NA,NA,2.413,3,0.0214,37.586
HesselControl1.1,Neil,1,A+B+C,2017-07-20,2.25,Eel Grass/Water Celery,NA,NA,0.0626,3,0.0214,0.975
HesselControl1.1,Neil,1,A+B+C,2017-07-20,2.25,Elodea,NA,NA,0.0311,3,0.0214,0.484
HesselControl1.1,Neil,1,A+B+C,2017-07-20,2.25,Slender Naiad,NA,NA,0.046,3,0.0214,0.717
HesselControl1.2,Neil,2,A+B+C,2017-07-20,2.4,Eurasian Watermilfoil,NA,NA,0.7131,3,0.0214,11.107
HesselControl1.2,Neil,2,A+B+C,2017-07-20,2.4,Chara spp.,NA,NA,3.5935,3,0.0214,55.974
HesselControl1.2,Neil,2,A+B+C,2017-07-20,2.4,Lake Quillwort,NA,NA,0.0472,3,0.0214,0.735
HesselControl1.3,Neil,2,A,2017-07-20,2.25,Chara spp.,NA,NA,4.0066,1,0.0214,187.224
HesselControl1.3,Neil,2,A,2017-07-20,2.25,Northern Watermilfoil,NA,NA,0.3478,1,0.0214,16.252
HesselControl1.3,Neil,2,A,2017-07-20,2.25,Small Pondweed,NA,NA,0.0397,1,0.0214,1.855
HesselControl1.4,Neil,4,A,2017-07-20,2,Eurasian Watermilfoil,NA,NA,1.3263,1,0.0214,61.977
HesselControl1.4,Neil,4,A,2017-07-20,2,Chara spp.,NA,NA,0.4102,1,0.0214,19.168
HesselMarina1.1,Hessel Marina,1,A+B+C,2017-07-20,3.5,Eurasian Watermilfoil,NA,NA,1.7061,3,0.0214,26.575
HesselMarina1.1,Hessel Marina,1,A+B+C,2017-07-20,3.5,Curly Leaf Pondweed,NA,NA,0.0793,3,0.0214,1.235
HesselMarina1.1,Hessel Marina,1,A+B+C,2017-07-20,3.5,Elodea,NA,NA,0.3134,3,0.0214,4.882
HesselMarina1.1,Hessel Marina,1,A+B+C,2017-07-20,3.5,Small Pondweed,NA,NA,0.2071,3,0.0214,3.226
HesselMarina1.1,Hessel Marina,1,A+B+C,2017-07-20,3.5,Coontail,NA,NA,0.0897,3,0.0214,1.397
HesselMarina1.2,Hessel Marina,2,C,2017-07-20,3.7,Curly Leaf Pondweed,NA,NA,0.1057,1,0.0214,4.939
HesselMarina1.2,Hessel Marina,2,C,2017-07-20,3.7,Flatstem Pondweed,NA,NA,0.184,1,0.0214,8.598
HesselMarina1.2,Hessel Marina,2,C,2017-07-20,3.7,Elodea,NA,NA,8.1,1,0.0214,378.505
HesselMarina1.2,Hessel Marina,2,C,2017-07-20,3.7,Coontail,NA,NA,19.3,1,0.0214,901.869
HesselMarina1.2,Hessel Marina,2,C,2017-07-20,3.7,Small Pondweed,NA,NA,0.5026,1,0.0214,23.486
HesselMarina1.3,Hessel Marina,3,A,2017-07-20,nr,Flatstem Pondweed,NA,NA,3.2,1,0.0214,149.533
HesselMarina1.3,Hessel Marina,3,A,2017-07-20,nr,Coontail,NA,NA,12.9,1,0.0214,602.804
HesselMarina1.3,Hessel Marina,3,A,2017-07-20,nr,Elodea,NA,NA,5.7,1,0.0214,266.355
HesselMarina1.3,Hessel Marina,3,A,2017-07-20,nr,Small Pondweed,NA,NA,0.3138,1,0.0214,14.664
HowellD-1,Howells Dock,1,1,2016-08-26,nr,Eurasian Watermilfoil,2,202.3,24.9342,1,0.125,199.474
HowellD-1,Howells Dock,1,1,2016-08-26,nr,Various-leaved Watermilfoil,1,0.7349,0.1188,1,0.125,0.95
HowellD-1,Howells Dock,1,1,2016-08-26,nr,Eel Grass/Water Celery,1,27.0672,2.4659,1,0.125,19.727
HowellD-1,Howells Dock,1,1,2016-08-26,nr,Northern Watermilfoil,1,0.0313,0.0079,1,0.125,0.063
HowellD-1,Howells Dock,1,2,2016-08-26,nr,Eurasian Watermilfoil,2,117.7,14.7512,1,0.125,118.01
HowellD-1,Howells Dock,1,2,2016-08-26,nr,Eel Grass/Water Celery,1,53.1,3.7472,1,0.125,29.978
Howells Dock pt 1,Howells Dock,1,A+B+C,2017-08-25,2.5,Eurasian Watermilfoil,NA,NA,2.7985,3,0.0214,43.59
Howells Dock pt 1,Howells Dock,1,A+B+C,2017-08-25,2.5,Eel Grass/Water Celery,NA,NA,4.801,3,0.0214,74.782
Howells Dock pt 1,Howells Dock,1,A+B+C,2017-08-25,2.5,Northern Watermilfoil,NA,NA,1.0389,3,0.0214,16.182
Howells Dock pt 1,Howells Dock,1,A+B+C,2017-08-25,2.5,Flatstem Pondweed,NA,NA,0.2385,3,0.0214,3.715
Howells Dock pt 1,Howells Dock,1,A+B+C,2017-08-25,2.5,Coontail,NA,NA,1.131,3,0.0214,17.617
Howells Dock pt 2,Howells Dock,2,A+B+C,2017-08-25,2.5,Eurasian Watermilfoil,NA,NA,1.8102,3,0.0214,28.196
Howells Dock pt 2,Howells Dock,2,A+B+C,2017-08-25,2.5,Eel Grass/Water Celery,NA,NA,4,3,0.0214,62.305
Howells Dock pt 2,Howells Dock,2,A+B+C,2017-08-25,2.5,Elodea,NA,NA,0.07,3,0.0214,1.09
Howells Dock pt 2,Howells Dock,2,A+B+C,2017-08-25,2.5,Coontail,NA,NA,0.9153,3,0.0214,14.257
Howells Dock pt 2,Howells Dock,2,A+B+C,2017-08-25,2.5,Flatstem Pondweed,NA,NA,1.0688,3,0.0214,16.648
Howells Dock pt 3,Howells Dock,3,A+B+C,2017-08-25,2.6,Eurasian Watermilfoil,NA,NA,7.5,3,0.0214,116.822
Howells Dock pt 3,Howells Dock,3,A+B+C,2017-08-25,2.6,Eel Grass/Water Celery,NA,NA,3.258,3,0.0214,50.748
Howells Dock pt 3,Howells Dock,3,A+B+C,2017-08-25,2.6,Flatstem Pondweed,NA,NA,0.159,3,0.0214,2.477
Howells Dock-1,Howells Dock,1,A,2018-08-22,2.5,Water Stargrass,NA,NA,0.0728,1,0.0214,3.402
Howells Dock-1,Howells Dock,1,B,2018-08-22,2.5,Eel Grass/Water Celery,NA,NA,0.3858,1,0.0214,18.028
Howells Dock-1,Howells Dock,1,C,2018-08-22,2.5,Chara spp.,NA,NA,0.0362,1,0.0214,1.692
Howells Dock-1,Howells Dock,1,A,2018-08-22,2.5,Chara spp.,NA,NA,0.784,1,0.0214,36.636
Howells Dock-1,Howells Dock,1,A,2018-08-22,2.5,Naiad,NA,NA,0.4021,1,0.0214,18.79
Howells Dock-1,Howells Dock,1,B,2018-08-22,2.5,Eurasian Watermilfoil,NA,NA,3.4621,1,0.0214,161.78
Howells Dock-1,Howells Dock,1,C,2018-08-22,2.5,Eel Grass/Water Celery,NA,NA,0.0164,1,0.0214,0.766
Howells Dock-2,Howells Dock,2,C,2018-08-22,2.4,Water Stargrass,NA,NA,1.1959,1,0.0214,55.883
Howells Dock-2,Howells Dock,2,C,2018-08-22,2.4,Eurasian Watermilfoil,NA,NA,NA,1,0.0214,NA
Howells Dock-2,Howells Dock,2,C,2018-08-22,2.4,Eel Grass/Water Celery,NA,NA,0.3517,1,0.0214,16.435
Howells Dock-2,Howells Dock,2,A,2018-08-22,2.4,Eurasian Watermilfoil,NA,NA,NA,1,0.0214,NA
Howells Dock-2,Howells Dock,2,A,2018-08-22,2.4,Eel Grass/Water Celery,NA,NA,1.5022,1,0.0214,70.196
Howells Dock-2,Howells Dock,2,A,2018-08-22,2.4,Naiad,NA,NA,0.0309,1,0.0214,1.444
Howells Dock-2,Howells Dock,2,B,2018-08-22,2.4,Eurasian Watermilfoil,NA,NA,4.2181,1,0.0214,197.107
Howells Dock-2,Howells Dock,2,B,2018-08-22,2.4,Eel Grass/Water Celery,NA,NA,1.7821,1,0.0214,83.276
Howells Dock-2,Howells Dock,2,B,2018-08-22,2.4,Water Stargrass,NA,NA,0.0734,1,0.0214,3.43
Howells Dock-3,Howells Dock,3,A,2018-08-22,2.4,Flatstem Pondweed,NA,NA,0.3302,1,0.0214,15.43
Howells Dock-3,Howells Dock,3,C,2018-08-22,2.4,Eurasian Watermilfoil,NA,NA,1.0563,1,0.0214,49.36
Howells Dock-3,Howells Dock,3,C,2018-08-22,2.4,Eel Grass/Water Celery,NA,NA,0.5564,1,0.0214,26
Howells Dock-3,Howells Dock,3,A,2018-08-22,2.4,Eurasian Watermilfoil,NA,NA,4.5773,1,0.0214,213.893
Howells Dock-3,Howells Dock,3,A,2018-08-22,2.4,Eel Grass/Water Celery,NA,NA,0.6396,1,0.0214,29.888
Howells Dock-3,Howells Dock,3,B,2018-08-22,2.4,Eurasian Watermilfoil,NA,NA,0.5465,1,0.0214,25.537
Howells Dock-3,Howells Dock,3,C,2018-08-22,2.4,Elodea,NA,NA,0.0374,1,0.0214,1.748
Howells Dock-3,Howells Dock,3,B,2018-08-22,2.4,Eel Grass/Water Celery,NA,NA,1.2748,1,0.0214,59.57
HowellsDock-Bouy1,Howells Dock,1,A+B+C,2017-06-21,2.3 ish,Eurasian Watermilfoil,NA,NA,2,3,0.0214,31.153
HowellsDock-Bouy1,Howells Dock,1,A+B+C,2017-06-21,2.3 ish,Coontail,NA,NA,0.0345,3,0.0214,0.537
HowellsDock-Bouy1,Howells Dock,1,A+B+C,2017-06-21,2.3 ish,Waterstargrass,NA,NA,0.4883,3,0.0214,7.606
HowellsDock-Bouy1,Howells Dock,1,A+B+C,2017-06-21,2.3 ish,Fern Pondweed,NA,NA,0.4645,3,0.0214,7.235
HowellsDock-Bouy1,Howells Dock,1,A+B+C,2017-06-21,2.3 ish,Slender Naiad,NA,NA,0.0023,3,0.0214,0.036
HowellsDock-Bouy1,Howells Dock,1,A+B+C,2017-06-21,2.3 ish,Elodea,NA,NA,0.0832,3,0.0214,1.296
HowellsDock-Bouy2,Howells Dock,2,A+B+C,2017-06-21,2.3 ish,Eurasian Watermilfoil,NA,NA,6.4,3,0.0214,99.688
HowellsDock-Bouy2,Howells Dock,2,A+B+C,2017-06-21,2.3 ish,Chara spp.,NA,NA,6.3105,3,0.0214,98.294
HowellsDock-Bouy2,Howells Dock,2,A+B+C,2017-06-21,2.3 ish,Slender Naiad,NA,NA,0.0293,3,0.0214,0.456
HowellsDock-Bouy2,Howells Dock,2,A+B+C,2017-06-21,2.3 ish,Waterstargrass,NA,NA,0.2238,3,0.0214,3.486
HowellsDock-Bouy2,Howells Dock,2,A+B+C,2017-06-21,2.3 ish,Eel Grass/Water Celery,NA,NA,0.2174,3,0.0214,3.386
HowellsDock-Bouy3,Howells Dock,3,A+B+C,2017-06-21,2.3 ish,Eurasian Watermilfoil,NA,NA,1.9559,3,0.0214,30.466
HowellsDock-Bouy3,Howells Dock,3,A+B+C,2017-06-21,2.3 ish,Coontail,NA,NA,2.7,3,0.0214,42.056
HowellsDock-Bouy3,Howells Dock,3,A+B+C,2017-06-21,2.3 ish,Waterstargrass,NA,NA,0.7078,3,0.0214,11.025
Neil-Buoy1,Neil,1,A+B+C,2017-06-23,1.9,Chara spp.,NA,NA,0.3836,3,0.0214,5.975
Neil-Buoy1,Neil,1,A+B+C,2017-06-23,1.8,Eurasian Watermilfoil,NA,NA,0.9443,3,0.0214,14.709
Neil-Buoy1,Neil,1,A+B+C,2017-06-23,nr,Lake Quillwort,NA,NA,0.9629,3,0.0214,14.998
Neil-Buoy2,Neil,2,A+B+C,2017-06-23,1.9,Chara spp.,NA,NA,10.8002,3,0.0214,168.227
Neil-Buoy2,Neil,2,A+B+C,2017-06-23,1.4,Eurasian Watermilfoil,NA,NA,1.3636,3,0.0214,21.24
Neil-Buoy2,Neil,2,A+B+C,2017-06-23,nr,Lake Quillwort,NA,NA,0.2113,3,0.0214,3.291
Neil-Buoy3,Neil,3,A+B+C,2017-06-23,2.1,Chara spp.,NA,NA,1.3383,3,0.0214,20.846
Neil-Buoy3,Neil,3,A+B+C,2017-06-23,1.7,Eurasian Watermilfoil,NA,NA,4.938,3,0.0214,76.916
Neil-Buoy3,Neil,3,A+B+C,2017-06-23,nr,Lake Quillwort,NA,NA,0.2512,3,0.0214,3.913
Neil-Buoy3,Neil,3,A+B+C,2017-06-23,nr,Elodea,NA,NA,0.3618,3,0.0214,5.636
Neils Dock-1,Neil,1,C,2018-08-23,2.2,Naiad,NA,NA,NA,1,0.0214,NA
Neils Dock-2,Neil,2,A,2018-08-23,1.8,Arrowhead,NA,NA,0.0779,1,0.0214,3.64
Neils Dock-2,Neil,2,A,2018-08-23,1.8,Naiad,NA,NA,0.0359,1,0.0214,1.678
Neils Dock-2,Neil,2,C,2018-08-23,1.8,Elodea,NA,NA,11.3727,1,0.0214,531.435
Neils Dock-2,Neil,2,C,2018-08-23,1.8,Fries Pondweed,NA,NA,0.236,1,0.0214,11.028
Neils Dock-2,Neil,2,A,2018-08-23,1.8,Fries Pondweed,NA,NA,0.1022,1,0.0214,4.776
Neils Dock-2,Neil,2,A,2018-08-23,1.8,Eurasian Watermilfoil,NA,NA,0.0488,1,0.0214,2.28
Neils Dock-2,Neil,2,B,2018-08-23,1.8,Eurasian Watermilfoil,NA,NA,0.6211,1,0.0214,29.023
Neils Dock-2,Neil,2,C,2018-08-23,1.8,Naiad,NA,NA,0.1178,1,0.0214,5.505
Neils Dock-2,Neil,2,B,2018-08-23,1.8,Naiad,NA,NA,0.237,1,0.0214,11.075
Neils Dock-2,Neil,2,A,2018-08-23,1.8,Sago Pondweed,NA,NA,NA,1,0.0214,NA
Neils Dock-2,Neil,2,B,2018-08-23,1.8,Chara spp.,NA,NA,NA,1,0.0214,NA
Neils Dock-2,Neil,2,C,2018-08-23,1.8,Water Crowfoot,NA,NA,0.4698,1,0.0214,21.953
Neils Dock-2,Neil,2,C,2018-08-23,1.8,Chara spp.,NA,NA,5.9414,1,0.0214,277.636
Neils Dock-2,Neil,2,C,2018-08-23,1.8,Eurasian Watermilfoil,NA,NA,0.0977,1,0.0214,4.565
Neils Dock-2,Neil,2,B,2018-08-23,1.8,Arrowhead,NA,NA,NA,1,0.0214,NA
Neils Dock-2,Neil,2,A,2018-08-23,1.8,Water Crowfoot,NA,NA,0.2743,1,0.0214,12.818
Neils Dock-2,Neil,2,A,2018-08-23,1.8,Chara spp.,NA,NA,8.2454,1,0.0214,385.299
Neils Dock-2,Neil,2,A,2018-08-23,1.8,Elodea,NA,NA,1.1884,1,0.0214,55.533
Neils Dock-3,Neil,3,C,2018-08-23,1.8,Chara spp.,NA,NA,4.9278,1,0.0214,230.271
Niels bouy 1 South,Neil,1,A+B+C,2017-08-24,1.1,Eurasian Watermilfoil,NA,NA,9.2,3,0.0214,143.302
Niels bouy 1 South,Neil,1,A+B+C,2017-08-24,1.1,Naiad,NA,NA,0.5259,3,0.0214,8.192
Niels bouy 1 South,Neil,1,A+B+C,2017-08-24,1.1,Chara spp.,NA,NA,3.1999,3,0.0214,49.843
Niels bouy 1 South,Neil,1,A+B+C,2017-08-24,1.1,Lake Quillwort,NA,NA,0.2658,3,0.0214,4.14
Niels bouy 2 North,Neil,2,A+B+C,2017-08-24,1.8,Eurasian Watermilfoil,NA,NA,6.5243,3,0.0214,101.625
Niels bouy 2 North,Neil,2,A+B+C,2017-08-24,1.8,Eel Grass/Water Celery,NA,NA,0.587,3,0.0214,9.143
Niels bouy 2 North,Neil,2,A+B+C,2017-08-24,1.8,Elodea,NA,NA,2.0785,3,0.0214,32.375
Niels bouy 2 North,Neil,2,A+B+C,2017-08-24,1.8,Water Crowfoot,NA,NA,2.0892,3,0.0214,32.542
Niels bouy 2 North,Neil,2,A+B+C,2017-08-24,1.8,Chara spp.,NA,NA,4.5111,3,0.0214,70.266
Niels bouy 2 North,Neil,2,A+B+C,2017-08-24,1.8,Slender Naiad,NA,NA,0.189,3,0.0214,2.944
Niels bouy 2 North,Neil,2,A+B+C,2017-08-24,1.8,Northern Watermilfoil,NA,NA,0.1115,3,0.0214,1.737
Niels bouy 2 North,Neil,2,A+B+C,2017-08-24,1.8,Small Pondweed,NA,NA,0.2538,3,0.0214,3.953
Niels Dock-1,Neil,1,A,2018-08-23,2.2,Eurasian Watermilfoil,NA,NA,7.5025,1,0.0214,350.584
Niels Dock-1,Neil,1,C,2018-08-23,2.2,Chara spp.,NA,NA,0.0336,1,0.0214,1.57
Niels Dock-1,Neil,1,C,2018-08-23,2.2,Eel Grass/Water Celery,NA,NA,NA,1,0.0214,NA
Niels Dock-1,Neil,1,A,2018-08-23,2.2,Eel Grass/Water Celery,NA,NA,0.0086,1,0.0214,0.402
Niels Dock-1,Neil,1,A,2018-08-23,2.2,Naiad,NA,NA,NA,1,0.0214,NA
Niels Dock-1,Neil,1,B,2018-08-23,2.2,Chara spp.,NA,NA,0.306,1,0.0214,14.299
Niels Dock-1,Neil,1,C,2018-08-23,2.2,Eurasian Watermilfoil,NA,NA,8.6496,1,0.0214,404.187
Niels Dock-1,Neil,1,B,2018-08-23,2.2,Eurasian Watermilfoil,NA,NA,5.271,1,0.0214,246.308
Urie Point,Urie Point,NA,C,2018-08-22,nr,Chara spp.,NA,NA,1.0289,1,0.0214,48.079
Urie Point,Urie Point,NA,A,2018-08-22,nr,Eurasian Watermilfoil,NA,NA,2.2721,1,0.0214,106.173
Urie Point,Urie Point,NA,A,2018-08-22,nr,Eel Grass/Water Celery,NA,NA,0.5486,1,0.0214,25.636
Urie Point,Urie Point,NA,B,2018-08-22,nr,Eurasian Watermilfoil,NA,NA,2.5731,1,0.0214,120.238
Urie Point,Urie Point,NA,C,2018-08-22,nr,Naiad,NA,NA,0.2977,1,0.0214,13.911