"LTER_site","local_site","year","date","time","pH","cond","ANC","acid","alkal","H+","NH4+","Ca++","Mg++","Na+","K+","Cl-","NO3-","SO4--","PO4---","Si","cat_sum","an_sum","chg_bal","TN","TDN","PN","DON","IN","TP","TDP","PP","DOP","IP","d18O","d18O_sdev","dDeut","dD_sdev","D_excess","Trit","T_sdev","TOC","DOC","POC","comments"
"NWT","SADDLE STREAM 007",1994,1994-05-17,"DNS","6.04","16.9","QNS","NP","NP","0.91","0.79","63.94","17.69","13.35","12.94","7.02","1.11","11.76","NP","7.37","NP","NP","NP","NP","NP","NP","NP","NP","NP","NP","NP","NP","NP","NP","NP","NP","NP","NP","NP","NP","NP","NP","NP",NaN
"NWT","SADDLE STREAM 007",1994,1994-05-18,"DNS","6.22","9.7","69.81","NP","NP","0.6","0.36","62.6","17.11","12.35","11.48","4.46","1.27","11.53","NP","5.74","104.51","87.07","0.09","NP","NP","NP","NP","NP","NP","NP","NP","NP","NP","NP","NP","NP","NP","NP","NP","NP","NP","NP","NP",NaN
"NWT","SADDLE STREAM 007",1994,1994-05-19,"DNS","6.07","9.64","69.50","NP","NP","0.85","u","56.73","15.3","11.61","10.92","4.01","1.08","10.51","NP","7.96","95.41","85.10","0.06","NP","NP","NP","NP","NP","NP","NP","NP","NP","NP","NP","NP","NP","NP","NP","NP","NP","NP","NP","NP",NaN
"NWT","SADDLE STREAM 007",1994,1994-05-20,"DNS","5.98","10.12","56.16","NP","NP","1.05","0.50","60.65","16.45","11","9.18","3.86","1.31","11.49","NP","8.34","98.83","72.82","0.15","NP","NP","NP","NP","NP","NP","NP","NP","NP","NP","NP","NP","NP","NP","NP","NP","NP","NP","NP","NP",NaN
"NWT","SADDLE STREAM 007",1994,1994-05-23,"DNS","6.21","10.07","64.48","NP","NP","0.62","1.07","62.6","16.04","11","8.57","3.05","1.18","11.24","NP","7.70","99.91","79.95","0.11","NP","NP","NP","NP","NP","NP","NP","NP","NP","NP","NP","NP","NP","NP","NP","NP","NP","NP","NP","NP",NaN
"NWT","SADDLE STREAM 007",1994,1994-05-24,"DNS","6.01","10.63","68.20","NP","NP","0.98","0.36","65.23","16.12","12.88","8.95","12.61","1.16","11.72","NP","9.51","104.52","93.69","0.05","NP","NP","NP","NP","NP","NP","NP","NP","NP","NP","NP","NP","NP","NP","NP","NP","NP","NP","NP","NP",NaN
"NWT","SADDLE STREAM 007",1994,1994-05-25,"DNS","6.05","10.49","66.28","NP","NP","0.89","0.93","63.94","15.55","12.4","8.31","4.03","1.06","11.47","NP","10.37","102.02","82.85","0.10","NP","NP","NP","NP","NP","NP","NP","NP","NP","NP","NP","NP","NP","NP","NP","NP","NP","NP","NP","NP",NaN
"NWT","SADDLE STREAM 007",1994,1994-05-27,"DNS","6.07","12.48","65.99","NP","NP","0.85","0.43","76.23","18.59","24.05","7.47","3.1","2.53","19.36","NP","QNS","127.62","90.99","0.17","NP","NP","NP","NP","NP","NP","NP","NP","NP","NP","NP","NP","NP","NP","NP","NP","NP","NP","NP","NP",NaN
"NWT","SADDLE STREAM 007",1994,1994-06-06,"DNS","6.23","11.38","67.28","NP","NP","0.59","0.43","67.55","14.73","23.73","3.32","2.68","u","14.68","NP","24.71","110.34","84.64","0.13","NP","NP","NP","NP","NP","NP","NP","NP","NP","NP","NP","NP","NP","NP","NP","NP","NP","NP","NP","NP",NaN
"NWT","SADDLE STREAM 007",1995,1995-06-27,"0845","5.8","7.14","62.27","NP","NP","1.58","u","43.2","11.93","2.7","5.4","2.12","3.48","5.98","NP","4.88","64.80","73.84","-0.07","7.99","6.40","1.58","2.92","3.48","0.04","u","0.04","NP","NP","NP","NP","NP","NP","NP","NP","NP","NP","NP","NP",NaN
"NWT","SADDLE STREAM 007",1995,1995-07-06,"1300","5.82","7.63","53.80","NP","NP","1.51","u","45.96","12.26","9.13","3.94","2.28","u","7.72","NP","3.37","72.80","63.81","0.07","20.91","10.73","10.18","10.73","0.00","0.36","0.23","0.14","NP","NP","NP","NP","NP","NP","NP","NP","NP","NP","NP","NP",NaN
"NWT","SADDLE STREAM 007",1995,1995-07-11,"1255","5.87","6.45","40.09","NP","NP","1.35","0.88","38.92","10.2","7.35","3.73","2.03","3.21","7.54","NP","2.82","62.43","52.87","0.08","18.26","9.53","8.73","5.44","4.09","0.45","0.42","0.03","NP","NP","NP","NP","NP","NP","NP","NP","NP","NP","NP","NP",NaN
"NWT","SADDLE STREAM 007",1995,1995-07-18,"1030","5.85","9.3","65.55","NP","NP","1.41","0.21","55.44","11.27","18.66","2.1","1.24","1.37","10.97","NP","9.14","89.08","79.13","0.06","10.25","6.40","3.85","4.82","1.58","0.10","u","0.10","NP","NP","NP","NP","NP","NP","NP","NP","NP","NP","NP","NP",NaN
"NWT","SADDLE STREAM 007",1995,1995-07-27,"1020","6.5","12.19","88.36","NP","NP","0.32","0.71","65.54","14.07","37.32","1.76","0.76","u","21.51","NP","105.50","119.72","110.63","0.04","NP","NP","NP","NP","0.71","NP","NP","NP","NP","NP","NP","NP","NP","NP","NP","NP","NP","NP","NP","NP",NaN
"NWT","SADDLE STREAM 007",1995,1995-07-31,"0750","6.36","17.71","139.84","NP","NP","0.44","1.52","83.44","18.59","47.76","2.51","0.76","0.74","23.13","NP","62.31","154.25","164.47","-0.03","7.41","4.86","2.55","2.60","2.26","0.57","0.41","0.16","NP","NP","NP","NP","NP","NP","NP","NP","NP","NP","NP","NP",NaN
"NWT","SADDLE STREAM 007",1996,1996-05-16,"1000","6.46","21.2","114.62","NP","NP","0.35","1.33","132","45.25","11.7","50.07","16.78","3.03","19.53","NP","1.71","240.70","153.96","0.22","41.24","5.45","35.80","1.09","4.36","0.88","0.36","0.52","NP","NP","NP","NP","NP","NP","NP","NP","NP","NP","NP","NP",NaN
"NWT","SADDLE STREAM 007",1996,1996-06-03,"1400","6.63","16.1","90.63","NP","NP","0.23","2.08","102.13","33.4","24.01","19.54","7.62","7.43","20.34","NP","4.33","181.40","126.02","0.18","28.52","26.71","1.81","17.20","9.51","1.28","0.14","1.14","NP","NP","NP","NP","NP","NP","NP","NP","NP","NP","NP","NP",NaN
"NWT","SADDLE STREAM 007",1996,1996-06-04,"1015","6.42","14.53","81.91","NP","NP","0.38","1.73","122.88","32.99","8.22","16.78","5.73","5.08","17.03","NP","3.48","182.98","109.75","0.25","23.01","22.52","0.49","15.70","6.82","0.43","0.37","0.06","NP","NP","NP","NP","NP","NP","NP","NP","NP","NP","NP","NP",NaN
"NWT","SADDLE STREAM 007",1996,1996-06-06,"0905","6.13","9.54","65.06","NP","NP","0.74","0.27","60.2","18.59","7.57","10.46","3.55","3.11","11.37","NP","4.12","97.83","83.09","0.08","22.08","14.24","7.85","10.85","3.38","1.10","0.14","0.96","NP","NP","NP","NP","NP","NP","NP","NP","NP","NP","NP","NP",NaN
"NWT","SADDLE STREAM 007",1996,1996-06-10,"0800","6.14","7.37","45.22","NP","NP","0.72","0.11","44.53","12.83","9.4","6.42","2.85","1.18","6.79","NP","2.86","74.02","56.03","0.14","11.48","11.72","u","10.42","1.29","0.14","0.14","u","NP","NP","NP","NP","NP","NP","NP","NP","NP","NP","NP","NP",NaN
"NWT","SADDLE STREAM 007",1996,1996-06-12,"0815","6.07","6.97","56.48","NP","NP","0.85","u","42.66","11.93","11.22","4.94","2.93","0.63","6.64","NP","3.73","71.60","66.68","0.04","11.57","11.39","0.18","10.76","0.63","0.38","0.41","u","NP","NP","NP","NP","NP","NP","NP","NP","NP","NP","NP","NP",NaN
"NWT","SADDLE STREAM 007",1996,1996-06-17,"0825","6.19","6.46","50.49","NP","NP","0.65","0.04","39.55","10.69","10.13","4.55","2.03","0.79","5.81","NP","3.25","65.61","59.12","0.05","23.20","10.25","12.96","9.42","0.83","1.10","0.08","1.02","NP","NP","NP","NP","NP","NP","NP","NP","NP","NP","NP","NP",NaN
"NWT","SADDLE STREAM 007",1996,1996-06-20,"0920","6.3","6.74","57.55","NP","NP","0.5","u","42.04","10.86","13.09","4.02","1.86","0.65","6.68","NP","7.07","70.51","66.74","0.03","12.15","11.12","1.03","10.48","0.65","0.14","0.14","u","NP","NP","NP","NP","NP","NP","NP","NP","NP","NP","NP","NP",NaN
"NWT","SADDLE STREAM 007",1996,1996-06-28,"1130","6.31","11.28","78.80","NP","NP","0.49","u","55.84","13.24","17.09","4.19","5.36","1.50","11.01","NP","14.36","90.86","96.67","-0.03","QNS","10.44","QNS","8.94","1.50","QNS","0.32","QNS","NP","NP","NP","NP","NP","NP","NP","NP","NP","NP","NP","NP",NaN
"NWT","SADDLE STREAM 007",1996,1996-07-02,"1030","6.93","10.01","90.44","NP","NP","0.12","u","59.04","12.26","29.71","2.51","2.28","u","13.41","NP","18.94","103.63","106.13","-0.01","9.15","9.21","u","9.21","u","0.41","0.26","0.15","NP","NP","NP","NP","NP","NP","NP","NP","NP","NP","NP","NP",NaN
"NWT","SADDLE STREAM 007",1996,1996-07-03,"1045","6.25","10.97","80.61","NP","NP","0.56","u","62.83","12.75","30.8","2.33","1.52","0.94","15.78","NP","58.89","109.26","98.85","0.05","9.67","7.87","1.80","6.93","0.94","0.28","0.30","u","NP","NP","NP","NP","NP","NP","NP","NP","NP","NP","NP","NP",NaN
"NWT","SADDLE STREAM 007",1996,1996-07-09,"0750","6.36","12.36","85.72","NP","NP","0.44","u","66.66","14.07","40.1","1.97","1.24","u","18.9","NP","103.69","123.23","105.87","0.08","8.85","6.26","2.58","6.26","u","0.36","0.24","0.12","NP","NP","NP","NP","NP","NP","NP","NP","NP","NP","NP","NP",NaN
"NWT","SADDLE STREAM 007",1996,1996-07-18,"0810","6.93","16.44","132.26","NP","NP","0.12","u","94.12","19.5","54.98","2.56","1.33","u","21.72","NP","127.74","171.27","155.30","0.05","5.53","5.85","u","5.85","u","0.45","0.37","0.08","NP","NP","NP","NP","NP","NP","NP","NP","NP","NP","NP","NP",NaN
"NWT","SADDLE STREAM 007",1996,1996-07-23,"0750","6.96","17.91","144.35","NP","NP","0.11","0.20","97.24","20.73","60.24","2.56","1.81","u","22.15","NP","138.03","181.08","168.31","0.04","6.53","5.22","1.31","5.02","0.20","0.49","0.19","0.30","NP","NP","NP","NP","NP","NP","NP","NP","NP","NP","NP","NP",NaN
"NWT","SADDLE STREAM 007",1996,1996-07-29,"0800","6.73","19.53","176.50","NP","NP","0.19","u","109.61","23.28","60.24","3.94","2.37","u","22.55","NP","139.40","197.26","201.42","-0.01","8.32","7.90","0.41","7.90","u","0.31","0.24","0.07","NP","NP","NP","NP","NP","NP","NP","NP","NP","NP","NP","NP",NaN
"NWT","SADDLE STREAM 007",1997,1997-05-21,"1045","6.41","14.39","QNS","NP","NP","0.39","1.31","93.99","30.03","16.83","16.32","3.47","1.76","16.09","u","14.84","158.86","QNS","QNS","15.18","15.11","0.07","12.04","3.06","0.16","0.12","0.04","0.12","u","NP","NP","NP","NP","NP","NP","NP","NP","NP","NP",NaN
"NWT","SADDLE STREAM 007",1997,1997-05-23,"DNS","6.29","13.44","85.48","NP","NP","0.51","0.96","80.9","24.84","12.35","15.55","4.99","1.37","12.08","u","13.58","135.12","103.92","0.13","24.00","12.66","11.34","10.33","2.33","0.87","0.12","0.75","0.12","u","NP","NP","NP","NP","NP","NP","NP","NP","NP","NP",NaN
"NWT","SADDLE STREAM 007",1997,1997-06-02,"1005","6.09","10.28","71.19","NP","NP","0.81","0.79","65.81","19.91","7.09","10.2","1.75","1.13","9.12","u","10.41","104.61","83.19","0.11","8.06","7.33","0.73","5.42","1.91","0.06","0.07","u","0.07","u","NP","NP","NP","NP","NP","NP","NP","NP","NP","NP",NaN
"NWT","SADDLE STREAM 007",1997,1997-06-11,"0940","6.34","7.18","43.17","NP","NP","0.46","0.43","43.69","11.76","6.31","5.78","1.92","1.73","10.04","u","10.30","68.42","56.85","0.09","6.78","6.78","u","4.63","2.15","0.08","0.04","0.04","0.04","u","NP","NP","NP","NP","NP","NP","NP","NP","NP","NP",NaN
"NWT","SADDLE STREAM 007",1997,1997-06-18,"0910","6.14","5.95","45.30","NP","NP","0.72","0.05","33.94","9.21","13.92","3.43","1.66","0.92","5.31","0.11","13.07","61.27","53.30","0.07","6.97","5.90","1.06","4.94","0.97","0.11","0.13","u","0.10","0.04","NP","NP","NP","NP","NP","NP","NP","NP","NP","NP",NaN
"NWT","SADDLE STREAM 007",1997,1997-07-01,"1030","6.61","12.2","84.67","NP","NP","0.25","u","63.18","14.4","35.97","1.97","1.64","0.37","18.13","u","101.27","115.77","104.81","0.05","3.86","4.10","u","3.73","0.37","0.06","0.07","u","0.07","u","NP","NP","NP","NP","NP","NP","NP","NP","NP","NP",NaN
"NWT","SADDLE STREAM 007",1997,1997-07-09,"1120","6.72","15.52","123.64","NP","NP","0.19","0.23","82.64","18.02","50.11","2.22","1.21","u","21.78","u","118.90","153.41","146.63","0.02","2.93","3.21","u","2.98","0.23","0.17","0.05","0.13","0.05","u","NP","NP","NP","NP","NP","NP","NP","NP","NP","NP",NaN
"NWT","SADDLE STREAM 007",1997,1997-07-21,"0810","6.81","18.8","167.21","NP","NP","0.15","0.41","117.05","28.3","53.5","2.79","1.58","u","22.46","u","123.26","202.20","191.25","0.03","7.41","7.92","u","7.51","0.41","0.15","0.16","u","0.16","u","NP","NP","NP","NP","NP","NP","NP","NP","NP","NP",NaN
"NWT","SADDLE STREAM 007",1997,1997-07-28,"0805","6.54","22.6","189.19","NP","NP","0.29","0.15","127.29","26.08","58.81","4.71","3.33","1.58","23.84","u","141.54","217.32","217.94","0.00","6.51","6.93","u","5.19","1.73","0.11","0.10","0.02","0.10","u","NP","NP","NP","NP","NP","NP","NP","NP","NP","NP",NaN
"NWT","SADDLE STREAM 007",1998,1998-05-26,"1240","6.52","14.42","116.93","NP","NP","0.3","1.71","111.22","35.78","13.35","19.54","5.08","1.97","15.39","u","23.34","181.90","139.36","0.13","17.72","16.76","0.96","13.08","3.67","0.08","0.07","0.01","0.07","u","NP","NP","NP","NP","NP","NP","NP","NP","NP","NP",NaN
"NWT","SADDLE STREAM 007",1998,1998-05-29,"1047","6.64","10.17","79.64","NP","NP","0.23","0.96","68.12","20.73","4.96","11.35","2.4","1.23","8.22","u","11.42","106.36","91.49","0.08","8.34","8.15","0.19","5.96","2.19","0.15","0.10","0.05","0.10","u","NP","NP","NP","NP","NP","NP","NP","NP","NP","NP",NaN
"NWT","SADDLE STREAM 007",1998,1998-06-01,"0800","6.31","8.31","66.77","NP","NP","0.49","0.88","55.13","15.88","3.61","7.8","1.78","1.24","7.31","u","9.57","83.78","77.10","0.04","6.73","5.65","1.08","3.53","2.12","0.11","0.11","u","0.11","u","NP","NP","NP","NP","NP","NP","NP","NP","NP","NP",NaN
"NWT","SADDLE STREAM 007",1998,1998-06-04,"0800","6.16","9.78","66.51","NP","NP","0.69","0.63","57.35","15.71","14.44","4.55","2.23","0.66","14.03","0.23","29.93","93.38","83.66","0.05","11.54","11.72","u","10.43","1.29","0.29","0.27","0.02","0.20","0.08","NP","NP","NP","NP","NP","NP","NP","NP","NP","NP",NaN
"NWT","SADDLE STREAM 007",1998,1998-06-11,"0834","6.25","9.83","79.73","NP","NP","0.56","1.20","60.29","15.38","11.05","7.31","2.88","1.35","12.68","u","40.38","95.80","96.64","0.00","15.09","10.99","4.10","8.43","2.55","0.77","0.24","0.53","0.24","u","NP","NP","NP","NP","NP","NP","NP","NP","NP","NP",NaN
"NWT","SADDLE STREAM 007",1998,1998-06-16,"1040","6.55","9.88","69.46","NP","NP","0.28","1.68","59","14.23","15.14","4.4","1.69","1.11","12.6","u","38.65","94.73","84.86","0.05","11.02","10.86","0.16","8.07","2.79","0.31","0.17","0.13","0.17","u","NP","NP","NP","NP","NP","NP","NP","NP","NP","NP",NaN
"NWT","SADDLE STREAM 007",1998,1998-06-22,"1050","6.35","7.06","54.31","NP","NP","0.45","0.88","44.93","11.6","10.4","3.09","1.21","0.53","8.37","u","26.15","71.35","64.42","0.05","8.32","8.15","0.18","6.74","1.41","0.30","0.27","0.03","0.27","u","NP","NP","NP","NP","NP","NP","NP","NP","NP","NP",NaN
"NWT","SADDLE STREAM 007",1998,1998-06-26,"0935","6.31","8.62","63.48","NP","NP","0.49","0.39","49.92","11.93","16.36","2.94","1.18","1.00","11.08","0.20","45.88","82.02","76.94","0.03","10.50","11.03","u","9.64","1.39","0.38","0.37","0.01","0.31","0.07","NP","NP","NP","NP","NP","NP","NP","NP","NP","NP",NaN
"NWT","SADDLE STREAM 007",1998,1998-06-29,"0750","6.53","10.21","83.87","NP","NP","0.3","0.16","59.84","13","23.05","2.12","1.64","1.16","13.74","u","68.50","98.48","100.41","-0.01","8.07","7.92","0.14","6.60","1.33","0.29","0.29","0.01","0.29","u","NP","NP","NP","NP","NP","NP","NP","NP","NP","NP",NaN
"NWT","SADDLE STREAM 007",1998,1998-07-07,"0906","6.94","13.5","122.29","NP","NP","0.11","0.49","75.74","15.55","39.71","1.97","1.02","0.77","19.86","u","108.66","133.57","143.94","-0.04","4.29","4.04","0.25","2.77","1.27","0.26","0.24","0.02","0.24","u","NP","NP","NP","NP","NP","NP","NP","NP","NP","NP",NaN
"NWT","SADDLE STREAM 007",1998,1998-07-10,"1025","6.73","15.01","132.83","NP","NP","0.19","0.81","83.26","16.7","41.45","2.35","0.9","0.60","22.15","u","118.32","144.76","156.48","-0.04","3.00","3.03","u","1.63","1.40","0.27","0.21","0.06","0.21","u","NP","NP","NP","NP","NP","NP","NP","NP","NP","NP",NaN
"NWT","SADDLE STREAM 007",1998,1998-07-14,"1155","6.82","15.56","139.82","NP","NP","0.15","0.86","89.36","17.11","44.11","2.53","1.02","u","23.63","u","126.39","154.12","164.47","-0.03","3.91","4.11","u","3.25","0.86","0.23","0.25","u","0.25","u","NP","NP","NP","NP","NP","NP","NP","NP","NP","NP",NaN
"NWT","SADDLE STREAM 007",1998,1998-07-16,"1043","6.87","16.38","144.80","NP","NP","0.13","u","89.71","19.17","48.15","2.92","1.04","u","29.06","u","127.63","160.08","174.91","-0.04","2.97","2.87","0.10","2.87","u","0.15","0.10","0.05","0.10","u","NP","NP","NP","NP","NP","NP","NP","NP","NP","NP",NaN
"NWT","SADDLE STREAM 007",1999,1999-06-03,"0915","6.42","9.48","QNS","NP","NP","0.38","1.04","66.39","20.57","3.22","9.18","1.86","1.42","6.14","u","6.62","100.78","QNS","QNS","9.12","8.82","0.30","6.36","2.46","0.18","0.17","0.01","0.17","u","NP","NP","NP","NP","NP","NP","NP","NP","NP","NP",NaN
"NWT","SADDLE STREAM 007",1999,1999-06-04,"1100","6.47","9.1","QNS","NP","NP","0.34","u","61.94","18.43","4.31","9.03","1.89","1.08","6.12","u","5.63","94.04","QNS","QNS","10.14","7.05","3.08","5.97","1.08","0.26","0.07","0.18","0.07","u","NP","NP","NP","NP","NP","NP","NP","NP","NP","NP",NaN
"NWT","SADDLE STREAM 007",1999,1999-06-10,"0840","6.36","9.59","QNS","NP","NP","0.44","1.15","60.16","18.43","2.65","7.8","2.31","6.19","11.03","u","4.85","90.62","QNS","QNS","13.34","10.51","2.83","3.17","7.34","0.44","0.05","0.40","0.05","u","NP","NP","NP","NP","NP","NP","NP","NP","NP","NP",NaN
"NWT","SADDLE STREAM 007",1999,1999-06-16,"0840","6.21","8.15","57.50","NP","NP","0.62","0.91","52.59","13.82","2.87","6.91","2.03","5.16","7.62","u","4.69","77.72","72.31","0.04","9.00","9.38","u","3.31","6.07","0.07","0.07","u","0.07","u","NP","NP","NP","NP","NP","NP","NP","NP","NP","NP",NaN
"NWT","SADDLE STREAM 007",1999,1999-06-23,"0910","5.89","5.54","23.70","NP","NP","1.29","u","30.73","6.99","2.87","4.07","1.97","11.29","5.98","u","3.05","45.95","42.94","0.03","17.02","16.11","0.91","4.82","11.29","0.20","0.12","0.08","0.12","u","NP","NP","NP","NP","NP","NP","NP","NP","NP","NP",NaN
"NWT","SADDLE STREAM 007",1999,1999-06-28,"0750","6.12","8.48","64.64","NP","NP","0.76","2.98","54.5","11.02","14.4","3.66","1.55","1.03","8.85","u","32.00","87.32","76.07","0.07","11.42","11.18","0.24","7.17","4.01","0.38","0.29","0.09","0.29","u","NP","NP","NP","NP","NP","NP","NP","NP","NP","NP",NaN
"NWT","SADDLE STREAM 007",1999,1999-07-06,"0825","6.54","17.58","137.41","NP","NP","0.29","0.99","93.94","17.03","43.15","3.53","1.21","0.68","18.63","u","93.99","158.93","157.93","0.00","6.43","5.89","0.54","4.22","1.67","0.23","0.14","0.09","0.14","u","NP","NP","NP","NP","NP","NP","NP","NP","NP","NP",NaN
"NWT","SADDLE STREAM 007",2000,2000-05-22,"0920","6.37","13.29","100.04","NP","NP","0.43","0.59","100.22","26.78","14.01","12.22","3.38","u","15.74","0.54","43.09","154.25","119.71","0.13","NP","NP","NP","NP","0.59","0.48","0.36","0.13","0.17","0.18","-18.03","NP","NP","NP","NP","NP","NP","NP","2.63","NP",NaN
"NWT","SADDLE STREAM 007",2000,2000-05-25,"1245","6.34","7.89","65.43","NP","NP","0.46","1.29","55.13","15.69","6.87","8.36","1.86","u","9.45","u","16.48","87.79","76.74","0.07","NP","NP","NP","NP","1.29","0.51","0.43","0.08","0.43","u","-19.89","NP","NP","NP","NP","NP","NP","NP","3.94","NP",NaN
"NWT","SADDLE STREAM 007",2000,2000-05-30,"0825","6.14","7.26","51.07","NP","NP","0.72","0.39","43.82","11.43","11.31","5.4","4.46","0.61","8.1","u","18.88","73.07","64.24","0.06","NP","NP","NP","NP","1.00","0.31","0.25","0.06","0.25","u","-19.75","NP","NP","NP","NP","NP","NP","NP","3.83","NP",NaN
"NWT","SADDLE STREAM 007",2000,2000-06-02,"1145","6.27","7.86","59.88","NP","NP","0.54","0.64","51.59","12.29","12.27","4.35","1.72","0.65","10.35","u","29.31","81.66","72.59","0.06","NP","NP","NP","NP","1.28","0.47","0.27","0.20","0.27","u","-19.40","NP","NP","NP","NP","NP","NP","NP","2.17","NP",NaN
"NWT","SADDLE STREAM 007",2000,2000-06-06,"0840","6.23","9.31","63.32","NP","NP","0.59","u","57.62","11.94","20.36","2.61","1.61","u","13.45","u","58.88","93.12","78.38","0.09","NP","NP","NP","NP","u","0.14","0.11","0.02","0.11","u","-18.59","NP","NP","NP","NP","NP","NP","NP","3.53","NP",NaN
"NWT","SADDLE STREAM 007",2000,2000-06-14,"0750","6.5","13.72","88.35","NP","NP","0.32","u","78.54","16.3","40.32","2.84","1.55","0.73","21.92","u","121.36","138.32","112.55","0.10","NP","NP","NP","NP","0.73","0.06","0.10","u","0.10","u","-17.84","NP","NP","NP","NP","NP","NP","NP","11.46","NP",NaN
"NWT","SADDLE STREAM 007",2000,2000-06-21,"0850","6.47","14.04","101.09","NP","NP","0.34","u","79.79","16.26","40.06","2.46","1.35","1.11","20.97","u","122.84","138.90","124.52","0.05","NP","NP","NP","NP","1.11","u","u","u","u","u","-17.43","NP","NP","NP","NP","NP","NP","NP","3.22","NP",NaN
"NWT","SADDLE STREAM 007",2000,2000-06-28,"0930","6.51","15.3","117.59","NP","NP","0.31","u","86.91","17.25","45.8","2.28","1.24","0.58","23.44","u","136.20","152.55","142.85","0.03","NP","NP","NP","NP","0.58","0.06","u","0.06","u","u","-17.55","NP","NP","NP","NP","NP","NP","NP","1.20","NP",NaN
"NWT","SADDLE STREAM 007",2000,2000-07-05,"0800","6.99","17.03","156.40","NP","NP","0.1","1.16","94.83","18.98","51.94","2.71","2.23","u","23.61","u","142.16","169.73","182.24","-0.04","NP","NP","NP","NP","1.16","u","u","u","0.00","u","-16.99","NP","NP","NP","NP","NP","NP","NP","1.06","NP",NaN
"NWT","SADDLE STREAM 007",2000,2000-07-11,"0820","6.96","18.73","173.30","NP","NP","0.11","u","108.55","21.45","53.5","3.02","1.16","u","22.24","u","149.33","186.62","196.69","-0.03","NP","NP","NP","NP","u","0.07","0.08","u","0.08","u","-16.78","NP","NP","NP","NP","NP","NP","NP","1.64","NP",NaN
"NWT","SADDLE STREAM 007",2000,2000-07-17,"0840","6.78","21","188.07","NP","NP","0.17","u","116.74","22.73","71.25","2.99","1.18","u","25.61","u","142.41","213.87","214.86","0.00","NP","NP","NP","NP","u","0.14","u","0.14","u","u","-16.39","NP","NP","NP","NP","NP","NP","NP","1.26","NP",NaN
"NWT","SADDLE STREAM 007",2003,2003-05-27,"1330","6.55","12.18","82.98","NP","NP","0.28","1.82","77.16","28.26","6.83","15.96","1.66","1.16","9.62","u","14.27","130.31","95.42","0.15","13.83","10.93","2.90","7.95","2.98","0.15","0.15","u","0.15","u","-16.93","NP","NP","NP","NP","NP","NP","6.99","6.89","0.10",NaN
"NWT","SADDLE STREAM 007",2003,2003-05-29,"1055","6.18","10.16","64.80","NP","NP","0.66","0.90","63.81","22.01","8.44","9.03","1.83","0.48","9.74","u","19.83","104.85","76.86","0.15","9.97","10.72","u","9.33","1.38","0.20","0.20","0.01","0.20","u","-16.79","NP","NP","NP","NP","NP","NP","6.01","6.17","u",NaN
"NWT","SADDLE STREAM 007",2003,2003-06-02,"0830","6.32","9.18","55.32","NP","NP","0.48","0.54","56.11","17.72","12.31","3.96","1.66","0.31","12.43","u","31.17","91.12","69.72","0.13","9.02","8.16","0.86","7.31","0.85","0.16","0.13","0.03","0.13","u","-17.60","NP","NP","NP","NP","NP","NP","5.31","5.27","0.05",NaN
"NWT","SADDLE STREAM 007",2003,2003-06-03,"0940","6.27","8.79","54.73","NP","NP","0.54","0.77","55.75","16.58","12.61","3.5","1.55","0.37","13.03","u","31.25","89.75","69.69","0.13","10.51","10.50","0.01","9.36","1.14","0.16","0.10","0.07","0.10","u","-17.83","NP","NP","NP","NP","NP","NP","5.45","5.29","0.16",NaN
"NWT","SADDLE STREAM 007",2003,2003-06-09,"1020","6.08","9.9","57.13","NP","NP","0.83","0.54","61.09","16.4","13.53","6.88","1.41","0.87","15.07","u","42.43","99.27","74.48","0.14","10.54","11.47","u","10.06","1.41","0.17","0.18","u","0.18","u","-17.79","NP","NP","NP","NP","NP","NP","5.99","6.02","u",NaN
"NWT","SADDLE STREAM 007",2003,2003-06-16,"1010","6.13","12.32","76.71","NP","NP","0.74","0.31","71.69","15.98","32.36","4.4","2.31","0.73","26.32","u","106.99","125.49","106.07","0.08","13.60","13.55","0.05","12.51","1.04","0.24","0.22","0.01","0.22","u","-15.79","NP","NP","NP","NP","NP","NP","3.65","3.62","0.03",NaN
"NWT","SADDLE STREAM 007",2003,2003-06-18,"0945","6.07","12.91","79.67","NP","NP","0.85","u","73.82","15.74","34.38","3.81","2.14","1.37","27","u","109.58","128.61","110.19","0.08","11.01","10.96","0.05","9.59","1.37","0.08","0.08","u","0.08","u","-16.16","NP","NP","NP","NP","NP","NP","3.01","2.88","0.12",NaN
"NWT","SADDLE STREAM 007",2003,2003-06-23,"1115","6.08","14.19","94.21","NP","NP","0.83","u","79.61","17.22","41.67","3.66","1.75","0.92","29.04","u","144.82","142.99","125.92","0.06","5.43","5.36","0.06","4.44","0.92","0.15","0.17","u","0.17","u","-15.90","NP","NP","NP","NP","NP","NP","2.23","2.27","u",NaN
"NWT","SADDLE STREAM 007",2003,2003-06-26,"0800","6.31","14.41","91.34","NP","NP","0.49","u","80.37","18.24","42.54","3.07","1.55","2.10","29.52","u","155.04","144.70","124.51","0.08","10.19","5.15","5.03","3.06","2.10","0.09","u","0.09","u","u","-16.20","NP","NP","NP","NP","NP","NP","1.94","1.94","u",NaN
"NWT","SADDLE STREAM 007",2003,2003-06-30,"0930","6.41","15.42","105.93","NP","NP","0.39","0.35","88.65","19.68","44.02","3.22","1.44","1.71","28.71","u","162.47","156.30","137.79","0.06","6.65","4.10","2.55","2.04","2.06","0.15","u","0.15","u","u","-16.30","NP","NP","NP","NP","NP","NP","1.75","1.78","u",NaN
"NWT","SADDLE STREAM 007",2003,2003-07-11,"0740","6.63","18.84","148.15","NP","NP","0.23","1.09","106.1","22.04","54.15","3.38","1.18","0.13","28.42","u","168.73","186.99","177.88","0.02","2.76","2.77","u","1.56","1.21","0.07","0.07","u","0.07","u","-15.39","NP","NP","NP","NP","NP","NP","1.67","1.66","u",NaN
"NWT","SADDLE STREAM 007",2003,2003-07-14,"1000","6.72","17.44","148.94","NP","NP","0.19","0.34","103.2","22.24","53.02","3.07","0.93","0.08","27.63","u","169.71","182.07","177.58","0.01","2.74","2.79","u","2.38","0.42","0.15","0.07","0.08","0.07","u","-15.81","NP","NP","NP","NP","NP","NP","1.62","1.65","u",NaN
"NWT","SADDLE STREAM 007",2003,2003-07-22,"0800","6.43","19.15","151.58","NP","NP","0.37","u","115.89","23.67","54.5","3.22","1.16","0.42","24.3","u","172.58","197.65","177.45","0.05","3.10","3.18","u","2.76","0.42","0.13","0.12","0.01","0.12","u","-15.40","NP","NP","NP","NP","NP","NP","1.88","1.87","0.01",NaN
"NWT","SADDLE STREAM 007",2003,2003-07-29,"1125","6.75","19.1","174.74","NP","NP","0.18","2.06","117.67","24.1","55.15","3.76","1.3","0.32","23.42","u","177.92","202.92","199.78","0.01","2.65","2.64","0.01","0.26","2.38","0.14","0.15","u","0.15","u","-14.90","NP","NP","NP","NP","NP","NP","1.87","1.90","u",NaN
"NWT","SADDLE STREAM 007",2004,2004-05-20,"1130","6.2","17.4","101.80","NP","NP","0.63","0.93","121.61","34.38","10.31","27.34","6.29","4.32","14.91","u","27.57","195.19","127.32","0.21","24.90","22.66","2.24","17.41","5.25","0.09","0.10","u","0.10","u","-15.11","NP","NP","NP","NP","NP","NP","12.37","12.38","u",NaN
"NWT","SADDLE STREAM 007",2004,2004-05-25,"1005","6.21","16.41","93.63","NP","NP","0.62","0.99","110.43","32.24","15.35","20.61","6.52","1.44","18.84","0.25","40.02","180.25","120.67","0.20","28.76","26.21","2.55","23.78","2.43","0.23","0.22","u","0.14","0.08","-14.39","NP","NP","NP","NP","NP","NP","11.93","12.14","u",NaN
"NWT","SADDLE STREAM 007",2004,2004-05-27,"1015","6.12","17.94","91.13","NP","NP","0.76","1.46","120.76","34.42","18.83","18.98","8.6","3.87","27.42","0.20","50.58","195.20","131.22","0.20","30.12","28.16","1.96","22.83","5.33","0.36","0.16","0.20","0.10","0.07","-13.87","NP","NP","NP","NP","NP","NP","12.43","12.38","0.05",NaN
"NWT","SADDLE STREAM 007",2004,2004-06-03,"1200","6.1","11.66","62.16","NP","NP","0.79","1.10","76.2","20.99","15.66","8.93","2.76","1.11","15.07","u","45.47","123.66","81.11","0.21","19.02","17.34","1.68","15.13","2.21","0.29","0.24","0.05","0.24","u","-15.41","NP","NP","NP","NP","NP","NP","NP","7.21","NP",NaN
"NWT","SADDLE STREAM 007",2004,2004-06-07,"1200","6.23","12.71","66.74","NP","NP","0.59","0.46","77.05","18.39","26.66","6.32","3.07","0.76","24.84","u","81.80","129.47","95.41","0.15","15.98","16.59","u","15.37","1.22","0.51","0.45","0.06","0.45","u","-14.46","NP","NP","NP","NP","NP","NP","NP","5.91","NP",NaN
"NWT","SADDLE STREAM 007",2004,2004-06-10,"0800","6.17","13.14","92.75","NP","NP","0.68","0.50","79.49","18.18","29.84","3.86","2.31","0.65","22.46","u","97.97","132.55","118.17","0.06","15.34","13.21","2.14","12.06","1.14","0.32","0.21","0.11","0.21","u","-14.94","NP","NP","NP","NP","NP","NP","NP","5.62","NP",NaN
"NWT","SADDLE STREAM 007",2004,2004-06-14,"0955","6.48","13.1","87.65","NP","NP","0.33","0.67","73.65","16.59","38.15","3.4","1.38","u","26.5","u","118.66","132.80","115.54","0.07","7.02","7.09","u","6.42","0.67","0.17","0.14","0.03","0.14","u","-15.21","NP","NP","NP","NP","NP","NP","NP","2.78","NP",NaN
"NWT","SADDLE STREAM 007",2004,2004-06-17,"0800","6.31","15.58","114.77","NP","NP","0.49","0.67","91.52","17.98","40.84","3.09","2.09","0.77","27.13","u","131.46","154.60","144.76","0.03","5.28","5.45","u","4.00","1.44","0.11","0.12","u","0.12","u","-15.84","NP","NP","NP","NP","NP","NP","NP","2.21","NP",NaN
"NWT","SADDLE STREAM 007",2004,2004-06-22,"0950","6.48","15.45","120.06","NP","NP","0.33","u","89.57","17.94","42.67","2.76","1.52","1.02","27.88","u","136.41","153.28","150.48","0.01","3.86","4.21","u","3.19","1.02","0.09","0.06","0.03","0.06","u","-16.03","NP","NP","NP","NP","NP","NP","NP","1.38","NP",NaN
"NWT","SADDLE STREAM 007",2004,2004-06-24,"0830","6.53","16.1","119.63","NP","NP","0.3","0.63","93.21","17.41","45.37","2.66","1.58","0.55","29.9","u","144.86","159.57","151.66","0.03","4.41","3.96","0.45","2.79","1.18","0.09","0.09","0.01","0.09","u","-15.83","NP","NP","NP","NP","NP","NP","NP","1.46","NP",NaN
"NWT","SADDLE STREAM 007",2004,2004-07-02,"0930","6.54","15.86","122.87","NP","NP","0.29","0.99","91.17","18.41","47.15","2.46","1.21","0.24","28.94","u","144.85","160.47","153.26","0.02","4.28","3.34","0.93","2.11","1.24","u","u","u","u","u","-15.72","NP","NP","NP","NP","NP","NP","NP","1.26","NP",NaN
"NWT","SADDLE STREAM 007",2004,2004-07-06,"1125","6.66","15.78","121.57","NP","NP","0.22","0.66","88.87","18.48","48.98","2.3","1.1","u","28.9","u","144.01","159.51","151.57","0.03","3.72","3.44","0.28","2.78","0.66","0.11","0.09","0.02","0.09","u","-15.52","NP","NP","NP","NP","NP","NP","NP","1.40","NP",NaN
"NWT","SADDLE STREAM 007",2004,2004-07-09,"0900","6.44","16.82","133.52","NP","NP","0.36","0.85","95.31","19.3","50.98","2.61","1.24","u","29.44","u","150.49","169.41","164.20","0.02","3.71","3.67","0.04","2.82","0.85","0.09","0.10","u","0.10","u","-15.14","NP","NP","NP","NP","NP","NP","NP","1.25","NP",NaN
"NWT","SADDLE STREAM 007",2005,2005-05-26,"1130","5.98","19.41","97.96","NP","NP","1.05","13.19","115.17","33.97","19.66","17.67","9.31","16.90","23.01","1.59","51.12","200.71","148.77","0.15","62.16","52.56","9.61","22.46","30.09","1.65","0.94","0.71","0.40","0.53","-14.79","NP","NP","NP","NP","NP","NP","NP","11.24","NP",NaN
"NWT","SADDLE STREAM 007",2005,2005-05-31,"1040","6.2","12.34","78.69","NP","NP","0.63","0.78","84.93","24.07","6.66","15.19","3.86","3.76","10.37","0.22","15.15","132.25","96.90","0.15","18.74","18.08","0.67","13.54","4.53","0.75","0.43","0.32","0.36","0.07","-17.21","NP","NP","NP","NP","NP","NP","NP","6.87","NP",NaN
"NWT","SADDLE STREAM 007",2005,2005-06-07,"0850","6.18","12.49","78.28","NP","NP","0.66","u","84.93","25.88","8.13","15.01","3.55","2.23","10.7","0.12","19.57","134.62","94.88","0.17","16.64","15.55","1.08","13.33","2.23","0.26","0.25","0.02","0.21","0.04","-16.78","NP","NP","NP","NP","NP","NP","NP","7.09","NP",NaN
"NWT","SADDLE STREAM 007",2005,2005-06-09,"0750","5.79","11.34","60.88","NP","NP","1.62","u","68.06","17.68","24.75","4.78","2.43","5.03","19.76","0.13","88.45","116.90","88.22","0.14","18.27","17.70","0.57","12.67","5.03","0.18","0.10","0.08","0.06","0.04","-14.31","NP","NP","NP","NP","NP","NP","NP","4.58","NP",NaN
"NWT","SADDLE STREAM 007",2005,2005-06-14,"0810","6.16","9.86","61.24","NP","NP","0.69","0.78","67.12","17.55","5","13.35","4.85","4.08","9.68","0.12","13.27","104.49","79.98","0.13","14.54","12.65","1.89","7.79","4.86","0.35","0.22","0.13","0.18","0.04","-17.89","NP","NP","NP","NP","NP","NP","NP","5.50","NP",NaN
"NWT","SADDLE STREAM 007",2005,2005-06-16,"1045","6.05","9.34","60.20","NP","NP","0.89","1.02","60.08","16.47","9.18","9.62","3.92","3.52","9.76","0.17","21.16","97.26","77.57","0.11","17.68","13.77","3.91","9.23","4.54","0.59","0.28","0.30","0.23","0.06","-16.27","NP","NP","NP","NP","NP","NP","NP","4.96","NP",NaN
"NWT","SADDLE STREAM 007",2005,2005-06-22,"0920","5.89","9.41","49.57","NP","NP","1.29","1.11","55.54","12.19","12.35","6.73","3.67","6.64","11.24","0.23","28.55","89.21","71.35","0.11","22.23","22.39","u","14.63","7.75","0.66","0.26","0.41","0.18","0.08","-16.31","NP","NP","NP","NP","NP","NP","NP","4.71","NP",NaN
"NWT","SADDLE STREAM 007",2005,2005-06-21,"0850","5.96","10.03","58.20","NP","NP","1.1","0.80","59.98","13.92","14.53","6.85","3.84","4.21","11.66","0.17","32.56","97.17","78.08","0.11","17.66","14.65","3.01","9.64","5.01","0.31","0.19","0.11","0.13","0.06","-16.70","NP","NP","NP","NP","NP","NP","NP","6.61","NP",NaN
"NWT","SADDLE STREAM 007",2005,2005-06-28,"1030","6.24","12.09","81.94","NP","NP","0.58","u","66.82","14.05","35.02","2.97","1.89","0.61","20.92","0.15","108.09","119.42","105.52","0.06","10.00","9.72","0.28","9.72","0.61","0.23","0.18","0.04","0.13","0.05","-15.18","NP","NP","NP","NP","NP","NP","NP","2.89","NP",NaN
"NWT","SADDLE STREAM 007",2005,2005-06-30,"1040","6.3","13.22","91.56","NP","NP","0.5","u","74.5","15","38.19","2.66","1.49","0.77","22.28","0.14","117.49","130.85","116.25","0.06","8.43","7.46","0.97","7.46","0.77","0.15","0.13","0.02","0.08","0.05","-15.32","NP","NP","NP","NP","NP","NP","NP","2.25","NP",NaN
"NWT","SADDLE STREAM 007",2005,2005-07-05,"0845","6.32","16.87","123.10","NP","NP","0.48","u","96.96","18.92","47.06","2.51","1.35","0.61","26.73","0.16","139.77","165.93","151.96","0.04","5.10","5.65","u","5.65","0.61","0.19","0.17","0.02","0.12","0.05","-15.52","NP","NP","NP","NP","NP","NP","NP","1.52","NP",NaN
"NWT","SADDLE STREAM 007",2005,2005-07-07,"0815","6.49","16.97","127.38","NP","NP","0.32","0.48","98.3","19.21","48.76","2.58","1.16","0.45","26.98","0.16","139.56","169.66","156.13","0.04","5.96","6.58","u","5.65","0.93","0.09","0.09","u","0.03","0.05","-15.39","NP","NP","NP","NP","NP","NP","NP","3.18","NP",NaN
"NWT","SADDLE STREAM 007",2005,2005-07-12,"0745","6.36","19.4","153.86","NP","NP","0.44","0.61","114.02","21.87","53.15","6.96","1.52","0.44","26.15","0.19","143.92","197.05","182.16","0.04","9.96","10.04","u","8.99","1.05","0.11","0.11","u","0.05","0.06","-15.32","NP","NP","NP","NP","NP","NP","NP","1.76","NP",NaN
"NWT","SADDLE STREAM 007",2005,2005-07-14,"1100","6.61","17.9","144.89","NP","NP","0.25","0.49","103.44","19.84","54.81","3.84","1.04","0.10","27.42","0.26","147.81","182.67","173.71","0.03","7.04","6.71","0.33","6.12","0.59","0.22","0.13","0.09","0.05","0.09","-15.18","NP","NP","NP","NP","NP","NP","NP","1.83","NP",NaN
"NWT","SADDLE STREAM 007",2005,2005-07-19,"0800","6.68","19.21","156.32","NP","NP","0.21","1.27","111.58","22.2","58.42","3.53","0.93","0.35","26.09","0.30","154.87","197.21","184.00","0.03","7.57","7.42","0.14","5.79","1.63","0.11","0.11","u","0.01","0.10","-14.97","NP","NP","NP","NP","NP","NP","NP","1.73","NP",NaN
"NWT","SADDLE STREAM 007",2006,2006-05-22,"1200","6.51","9.55","63.72","NP","NP","0.31","u","64.12","19.5","4.39","12.86","1.49","0.84","8.43","u","8.82","101.19","74.48","0.15","13.87","10.62","3.24","9.79","0.84","0.15","u","0.15","u","u","-19.30","NP","NP","NP","NP","NP","NP","NP","6.17","NP",NaN
"NWT","SADDLE STREAM 007",2006,2006-05-25,"0850","6.38","9.41","60.52","NP","NP","0.42","u","62.48","18.76","5.61","10.36","1.86","0.60","9.35","u","11.91","97.63","72.33","0.15","10.13","10.52","u","9.92","0.60","0.17","0.11","0.07","0.11","u","-18.67","NP","NP","NP","NP","NP","NP","NP","5.85","NP",NaN
"NWT","SADDLE STREAM 007",2006,2006-06-01,"0815","6.38","9.99","58.00","NP","NP","0.42","u","63.57","17.01","13.48","7.44","2.74","0.44","12.99","u","30.62","101.93","74.17","0.16","12.71","13.41","u","12.97","0.44","0.26","0.18","0.08","0.18","u","-17.94","NP","NP","NP","NP","NP","NP","NP","5.91","NP",NaN
"NWT","SADDLE STREAM 007",2006,2006-06-06,"1039","6.16","9.89","55.62","NP","NP","0.69","u","62.13","13.4","19.57","3.99","4.15","0.42","13.68","u","45.19","99.78","73.86","0.15","13.17","12.67","0.50","12.25","0.42","0.42","0.23","0.19","0.23","u","-18.23","NP","NP","NP","NP","NP","NP","NP","5.15","NP",NaN
"NWT","SADDLE STREAM 007",2006,2006-06-15,"0838","6.47","13.14","92.53","NP","NP","0.34","u","76.95","16.21","39.97","2.33","2.12","0.29","22.26","u","128.10","135.80","117.19","0.07","3.61","3.78","u","3.50","0.29","0.13","0.11","0.02","0.11","u","-16.81","NP","NP","NP","NP","NP","NP","NP","2.32","NP",NaN
"NWT","SADDLE STREAM 007",2006,2006-06-22,"0750","6.63","16.25","122.93","NP","NP","0.23","u","96.06","18.92","49.02","2.63","1.21","0.31","26.34","u","137.94","166.87","150.79","0.05","4.89","3.93","0.96","3.62","0.31","0.13","0.12","u","0.12","u","-16.96","NP","NP","NP","NP","NP","NP","NP","2.73","NP",NaN
"NWT","SADDLE STREAM 007",2006,2006-06-28,"0815","6.7","16.35","124.81","NP","NP","0.2","u","92.66","18.54","51.41","3.02","0.96","0.27","27.02","u","146.32","165.84","153.07","0.04","5.87","5.66","0.22","5.38","0.27","0.12","0.12","u","0.12","u","-16.53","NP","NP","NP","NP","NP","NP","NP","2.18","NP",NaN
"NWT","SADDLE STREAM 007",2006,2006-07-06,"0800","6.7","18.54","148.29","NP","NP","0.2","u","109.73","21.33","56.59","4.02","3.64","u","26.65","u","154.01","191.87","178.58","0.04","7.98","5.98","2.01","5.98","u","0.35","0.20","0.15","0.20","u","-16.04","NP","NP","NP","NP","NP","NP","NP","2.01","NP",NaN
"NWT","SADDLE STREAM 007",2006,2006-07-13,"0806","6.86","16.75","130.18","NP","NP","0.14","u","99.8","19.58","52.24","2.4","2.2","0.18","25.3","u","158.50","174.16","157.85","0.05","5.34","4.97","0.37","4.97","0.18","0.20","0.18","0.02","0.18","u","-15.81","NP","NP","NP","NP","NP","NP","NP","1.37","NP",NaN
"NWT","SADDLE STREAM 007",2007,2007-05-17,"1115","6.42","12.17","63.55","NP","NP","0.38","0.50","75.65","22.7","9.83","14.83","3.98","2.18","11.95","0.39","21.42","123.90","82.04","0.20","20.62","17.03","3.59","14.35","2.68","0.80","0.38","0.42","0.25","0.13","NP","NP","NP","NP","NP","NP","NP","NP","8.54","NP",NaN
"NWT","SADDLE STREAM 007",2007,2007-05-22,"1010","6.26","12.08","55.70","NP","NP","0.55","u","72.11","19","14.53","9.18","5.33","7.11","16.2","0.49","39.22","115.37","84.84","0.15","21.76","19.83","1.92","12.72","7.11","0.50","0.31","0.19","0.15","0.16","NP","NP","NP","NP","NP","NP","NP","NP","4.95","NP",NaN
"NWT","SADDLE STREAM 007",2007,2007-05-29,"1000","6.24","11.5","61.67","NP","NP","0.58","u","70.06","15.88","17.62","6.24","4.37","5.11","13.97","u","50.13","110.37","85.12","0.13","17.54","17.80","u","12.69","5.11","0.39","0.26","0.12","0.26","u","NP","NP","NP","NP","NP","NP","NP","NP","4.54","NP",NaN
"NWT","SADDLE STREAM 007",2007,2007-06-05,"0925","6.43","12.17","74.79","NP","NP","0.37","0.79","72.8","15.38","24.45","5.17","5.53","0.27","17.74","u","55.80","118.97","98.33","0.09","12.19","11.85","0.34","10.78","1.07","0.28","0.17","0.10","0.17","u","NP","NP","NP","NP","NP","NP","NP","NP","3.67","NP",NaN
"NWT","SADDLE STREAM 007",2007,2007-06-12,"0830","6.12","9.1","31.20","NP","NP","0.76","0.43","38.72","15.79","25.14","3.45","2.17","u","30.08","u","55.61","84.30","63.46","0.14","6.19","6.27","u","5.84","0.43","0.07","0.06","0.01","0.06","u","NP","NP","NP","NP","NP","NP","NP","NP","3.59","NP",NaN
"NWT","SADDLE STREAM 007",2007,2007-06-12,"1110","6.56","13.42","83.58","NP","NP","0.28","0.48","79.19","16.54","31.54","4.6","2.45","0.98","22.11","0.32","65.26","132.62","109.45","0.10","12.51","10.02","2.49","8.56","1.46","0.28","0.19","0.09","0.08","0.11","NP","NP","NP","NP","NP","NP","NP","NP","3.45","NP",NaN
"NWT","SADDLE STREAM 007",2007,2007-06-14,"1210","6.66","12.85","80.34","NP","NP","0.22","u","68.46","15.47","35.32","4.04","1.69","0.15","24.69","u","82.08","123.51","106.87","0.07","13.01","11.43","1.58","11.28","0.15","0.28","0.18","0.09","0.18","u","NP","NP","NP","NP","NP","NP","NP","NP","3.22","NP",NaN
"NWT","SADDLE STREAM 007",2007,2007-06-19,"0800","6.77","14.61","98.70","NP","NP","0.17","u","81.19","16.7","39.97","3.48","1.35","u","24.38","u","121.19","141.51","124.43","0.06","8.45","5.42","3.03","5.42","u","0.23","u","0.23","u","u","NP","NP","NP","NP","NP","NP","NP","NP","3.16","NP",NaN
"NWT","SADDLE STREAM 007",2007,2007-07-16,"1002","6.41","12","74.39","NP","NP","0.39","2.11","51.75","20.73","31.62","2.92","2.59","u","19.88","0.34","89.97","109.51","97.21","0.06","7.92","7.69","0.23","5.58","2.11","0.14","0.11","0.03","u","0.11","NP","NP","NP","NP","NP","NP","NP","NP","2.67","NP",NaN
"NWT","SADDLE STREAM 007",2008,2008-06-03,"1315","6.21","10.31","58.98","NP","NP","0.62","0.86","64.69","17.27","18.01","6.19","3.19","2.45","12.35","0.21","23.00","107.63","77.84","0.16","28.80","23.87","4.92","20.56","3.31","1.35","0.15","1.19","0.08","0.07","-18.53","0.03","-135.27","0.08","12.94","NP","NP","NP","6.90","NP",NaN
"NWT","SADDLE STREAM 007",2008,2008-06-10,"1000","6.22","10.25","65.76","NP","NP","0.6","u","82.04","21.22","10.31","9.65","4.12","0.60","10.41","0.49","24.06","123.82","81.38","0.21","23.80","23.44","0.36","22.84","0.60","1.87","0.22","1.66","0.05","0.16","-19.92","0.04","-144.24","0.09","15.13","NP","NP","NP","9.38","NP",NaN
"NWT","SADDLE STREAM 007",2008,2008-06-12,"0900","6.46","9.26","63.20","NP","NP","0.35","u","67.96","17.12","12.39","8.76","3.78","0.35","9.68","0.15","25.08","106.59","77.40","0.16","14.79","15.67","u","15.32","0.35","1.67","0.04","1.63","u","0.05","-19.08","0.03","-138.95","0.20","13.65","NP","NP","NP","7.07","NP",NaN
"NWT","SADDLE STREAM 007",2008,2008-06-16,"0730","6.33","8.5","56.68","NP","NP","0.47","u","54.21","14.09","11.7","6.65","2.09","0.66","8.74","0.48","27.19","87.11","68.66","0.12","13.43","13.88","u","13.21","0.66","0.41","0.15","0.26","u","0.16","-18.40","0.01","-134.90","0.13","12.33","NP","NP","NP","5.63","NP",NaN
"NWT","SADDLE STREAM 007",2008,2008-06-19,"1245","6.61","8.87","52.79","NP","NP","0.25","u","56.17","11.97","12.53","6.32","3.55","3.68","10.68","0.29","26.45","87.24","70.99","0.10","23.94","20.40","3.53","16.73","3.68","0.94","0.30","0.64","0.20","0.10","-17.79","0.07","-131.87","0.18","10.46","NP","NP","NP","5.32","NP",NaN
"NWT","SADDLE STREAM 007",2008,2008-06-24,"0800","6.69","11.12","75.24","NP","NP","0.2","u","66.65","13.53","26.31","2.44","1.83","0.89","16.14","0.48","72.90","109.13","94.58","0.07","15.64","14.99","0.64","14.11","0.89","0.33","0.14","0.19","u","0.16","-16.77","0.05","-124.10","0.11","10.09","NP","NP","NP","3.66","NP",NaN
"NWT","SADDLE STREAM 007",2008,2008-06-26,"0900","6.66","11.2","73.17","NP","NP","0.22","u","66.65","13.53","30.07","2.58","1.07","0.82","18.49","0.20","90.52","113.05","94.04","0.09","14.21","14.35","u","13.53","0.82","1.06","0.08","u","0.01","0.07","-16.36","0.05","-121.57","0.11","9.28","NP","NP","NP","3.16","NP",NaN
"NWT","SADDLE STREAM 007",2008,2008-07-01,"1000","6.7","13.03","109.83","NP","NP","0.2","u","77.13","13.74","36.17","2.73","0.99","0.42","23.84","0.54","120.87","129.97","135.62","-0.02","10.07","10.07","u","9.65","0.42","0.23","0.25","u","0.06","0.18","-16.67","0.10","-122.89","0.17","10.46","NP","NP","NP","2.28","NP",NaN
"NWT","SADDLE STREAM 007",2008,2008-07-03,"1350","6.81","13.04","109.78","NP","NP","0.15","u","73.2","14.09","43.3","3.61","0.71","u","24.78","0.51","122.96","134.36","135.77","-0.01","9.28","8.63","0.65","10.99","u","0.17","0.19","u","0.02","0.17","-16.26","0.01","-120.29","0.08","9.79","NP","NP","NP","2.30","NP",NaN
"NWT","SADDLE STREAM 007",2008,2008-07-08,"0850","6.3","16.3","136.37","NP","NP","0.5","u","103.34","18.76","46.79","3.17","0.71","u","23.01","<0.06","131.20","172.56","160.08","0.04","7.39","8.05","u","8.05","u","<0.03","<0.03","u","u","<0.02","-16.54","0.06","-121.24","0.12","11.10","NP","NP","NP","1.94","NP",NaN
"NWT","SADDLE STREAM 007",2008,2008-07-11,"0800","6.55","17.02","127.70","NP","NP","0.28","u","105.96","19.95","47.8","3.61","1.1","u","25","<0.06","137.87","177.61","153.80","0.07","8.55","8.85","u","8.85","u","0.21","0.10","0.11","0.10","<0.02","-16.27","0.04","-120.17","0.12","9.98","NP","NP","NP","1.97","NP",NaN
"NWT","SADDLE STREAM 007",2008,2008-07-15,"0845","6.74","17.91","144.84","NP","NP","0.18","u","116.44","21.29","49.69","2.66","0.87","0.19","23.67","0.13","140.61","190.25","170.45","0.05","7.08","7.50","u","7.31","0.19","NP","0.06","NP","0.02","0.04","-16.08","0.03","-119.89","0.13","8.72","NP","NP","NP","2.01","NP",NaN
"NWT","SADDLE STREAM 007",2008,2008-07-18,"1215","6.87","17.7","147.56","NP","NP","0.13","u","109.89","20.55","50.41","2.29","0.99","u","23.9","<0.06","144.95","183.27","172.45","0.03","NP","9.25","NP","9.25","u","<0.03","<0.03","u","u","<0.02","-16.14","0.05","-119.42","0.09","9.67","NP","NP","NP","2.19","NP",NaN
"NWT","SADDLE STREAM 007",2008,2008-07-24,"0730","6.84","19.06","159.07","NP","NP","0.14","u","122.33","22.78","51.71","3.76","0.93","0.16","20.9","<0.06","145.36","200.73","181.07","0.05","10.57","9.92","0.64","9.76","0.16","0.46","0.14","0.33","0.14","<0.02","-15.52","0.02","-114.31","0.13","9.83","NP","NP","NP","2.32","NP",NaN
"NWT","SADDLE STREAM 007",2009,2009-05-19,"1500","6.64","23.7","123.62","NP","NP","0.23","u","157.32","43.59","12.89","46.65","14.86","4.92","17.76","0.30","23.04","260.68","161.46","0.24","NP","45.69","NP","40.77","4.92","NP","0.18","NP","0.08","0.10","-18.89","0.04","-138.01","0.01","13.07","NP","NP","NP","20.30","NP",NaN
"NWT","SADDLE STREAM 007",2009,2009-05-28,"1100","6.13","13.71","83.95","NP","NP","0.74","u","108.56","26.7","9.87","15.63","2.91","u","8.6","0.33","27.73","161.51","95.78","0.26","NP","32.91","NP","32.91","u","NP","0.14","NP","0.03","0.11","-19.12","0.03","-139.35","0.10","13.62","NP","NP","NP","13.99","NP",NaN
"NWT","SADDLE STREAM 007",2009,2009-06-02,"1015","6.26","10.05","66.04","NP","NP","0.55","u","69.71","18.66","8.18","10.53","1.38","u","7.66","0.13","19.27","107.63","75.21","0.18","NP","15.71","NP","15.71","u","NP","0.06","NP","0.01","0.04","-19.12","0.06","-139.60","0.08","13.35","NP","NP","NP","7.07","NP",NaN
"NWT","SADDLE STREAM 007",2009,2009-06-12,"1030","6.22","8.85","50.72","NP","NP","0.6","u","60.41","14.87","17.85","5.07","1.58","u","7.85","0.06","26.91","98.81","60.21","0.24","NP","18.35","NP","18.35","u","NP","0.17","NP","0.15","0.02","-19.45","0.02","-142.93","0.12","12.64","NP","NP","NP","7.01","NP",NaN
"NWT","SADDLE STREAM 007",2009,2009-06-16,"0830","6.22","8.48","51.34","NP","NP","0.6","u","54.29","13.61","18.94","5.07","1.69","u","8.29","0.06","25.61","92.50","61.38","0.20","NP","15.49","NP","15.49","u","NP","0.12","NP","0.10","0.02","-18.98","0.06","-140.84","0.22","11.03","NP","NP","NP","4.53","NP",NaN
"NWT","SADDLE STREAM 007",2009,2009-06-25,"0945","6.15","11.06","68.84","NP","NP","0.71","0.62","65.53","13.16","26.97","3.29","1.58","0.44","15.03","<0.06","77.25","110.28","85.89","0.12","NP","15.34","NP","14.29","1.06","NP","<0.03","NP","u","<0.02","-17.03","0.10","-124.73","0.11","11.49","NP","NP","NP","4.50","NP",NaN
"NWT","SADDLE STREAM 007",2009,2009-06-30,"1230","6.46","13.06","94.00","NP","NP","0.35","u","75.81","14.6","40.13","3","1.16","0.29","22.28","0.08","105.46","133.88","117.80","0.06","NP","11.58","NP","11.29","0.29","NP","0.05","NP","0.02","0.03","-16.30","0.03","-121.02","0.22","9.42","NP","NP","NP","2.94","NP",NaN
"NWT","SADDLE STREAM 007",2009,2009-07-07,"1040","6.6","17.33","125.71","NP","NP","0.25","1.43","93.37","18.07","48.24","4.17","3.92","0.34","24.61","0.10","127.40","165.53","154.68","0.03","NP","11.79","NP","10.03","1.77","NP","<0.03","NP","u","0.03","-16.06","0.02","-118.89","0.16","9.60","NP","NP","NP","2.15","NP",NaN
"NWT","SADDLE STREAM 007",2010,2010-05-28,"1100","6.78","19.43","130.93","NP","NP","0.17","1.07","114.05","42.03","9.15","19.2","7.62","1.10","10.99","0.25","12.29","185.66","150.89","0.10","NP","19.98","NP","17.82","2.17","NP","0.19","NP","0.11","0.08","-16.13","0.06","-114.41","0.24","14.61","NP","NP","NP","10.79","NP",NaN
"NWT","SADDLE STREAM 007",2010,2010-06-01,"1100","6.59","12.06","73.73","NP","NP","0.26","u","77.89","21.81","8.3","8.43","4.2","1.32","9.62","0.22","22.46","116.69","89.10","0.13","NP","21.23","NP","19.91","1.32","NP","0.10","NP","0.03","0.07","-16.80","0.10","-121.17","0.58","13.20","NP","NP","NP","7.57","NP",NaN
"NWT","SADDLE STREAM 007",2010,2010-06-10,"0810","6.37","10.91","60.80","NP","NP","0.43","u","66.03","13.91","23.63","3.76","3.02","u","17.88","0.18","68.48","107.76","81.88","0.14","NP","21.40","NP","21.40","u","NP","0.11","NP","0.05","0.06","-17.05","0.03","-125.78","0.17","10.65","NP","NP","NP","5.84","NP",NaN
"NWT","SADDLE STREAM 007",2010,2010-06-15,"0830","6.31","12.33","78.26","NP","NP","0.49","1.71","66.79","14.64","30.83","2.46","1.92","0.65","20.97","0.28","90.19","116.92","102.07","0.07","NP","12.85","NP","10.49","2.36","NP","0.08","NP","u","0.09","-16.79","0.06","-122.48","0.12","11.86","NP","NP","NP","3.49","NP",NaN
"NWT","SADDLE STREAM 007",2010,2010-06-22,"0930","6.55","14.99","101.06","NP","NP","0.28","1.57","78.66","13.46","42.04","3.12","1.41","0.73","26.07","u","118.33","139.13","129.26","0.04","NP","9.06","NP","6.76","2.30","NP","0.05","NP","0.05","u","-17.33","0.16","-124.37","0.93","14.29","NP","NP","NP","1.66","NP",NaN
"NWT","SADDLE STREAM 007",2010,2010-06-29,"1000","6.63","18.04","129.33","NP","NP","0.23","u","102.49","19.41","48.87","4.06","1.38","u","28.73","u","130.09","175.06","159.44","0.05","NP","8.42","NP","8.42","u","NP","u","NP","u","u","-17.88","0.33","-125.85","1.16","17.17","NP","NP","NP","1.84","NP",NaN
"NWT","SADDLE STREAM 007",2010,2010-07-06,"1120","6.72","17.3","125.94","NP","NP","0.19","4.05","94.61","18.4","43.72","4.66","1.41","u","28.63","0.10","139.62","165.62","156.07","0.03","NP","7.92","NP","3.88","4.05","NP","u","NP","u","0.03","-16.21","0.07","-119.84","0.75","9.87","NP","NP","NP","1.76","NP",NaN
"NWT","SADDLE STREAM 007",2010,2010-07-13,"0850","6.85","16.91","129.05","NP","NP","0.14","u","94.36","18.84","52.79","4.45","0.76","u","26.86","0.13","146.05","170.58","156.80","0.04","NP","7.23","NP","7.23","u","NP","0.12","NP","0.08","0.04","-15.18","0.02","-114.49","0.28","6.92","NP","NP","NP","1.72","NP",NaN
"NWT","SADDLE STREAM 007",2011,2011-06-21,"1230","6.42","13.65","118.30","NP","NP","0.38","u","92.9","25.12","14.25","5.97","3.02","2.53","10.78","u","46.24","138.62","134.63","0.01","NP","28.37","NP","25.84","2.53","NP","0.14","NP","0.14","u","-18.65","0.01","-135.59","0.07","13.64","NP","NP","NP","NP","NP",NaN
"NWT","SADDLE STREAM 007",2011,2011-06-23,"1315","6.34","11.16","79.58","NP","NP","0.46","u","70.71","20.18","15.62","10.46","2.91","1.16","6.68","u","24.57","117.42","90.33","0.13","NP","12.03","NP","10.87","1.16","NP","0.14","NP","0.14","u","-18.73","0.07","-137.47","0.13","12.41","NP","NP","NP","NP","NP",NaN
"NWT","SADDLE STREAM 007",2011,2011-06-27,"0930","6.26","12.01","80.55","NP","NP","0.55","u","64.87","15.32","25.4","7.92","5.84","4.60","12.22","u","68.20","114.07","103.21","0.05","NP","10.69","NP","6.09","4.60","NP","0.08","NP","0.08","u","-18.78","0.05","-137.20","0.27","13.05","NP","NP","NP","NP","NP",NaN
"NWT","SADDLE STREAM 007",2011,2011-06-30,"1015","6.2","11.91","69.51","NP","NP","0.63","u","55.14","14.19","38.82","4.89","21.3","2.71","11.14","0.06","43.55","113.67","104.71","0.04","NP","12.98","NP","10.27","2.71","NP","0.18","NP","0.16","0.02","-18.10","0.02","-132.50","0.11","12.31","NP","NP","NP","NP","NP",NaN
"NWT","SADDLE STREAM 007",2011,2011-07-05,"0930","6.24","13.88","90.62","NP","NP","0.58","1.77","73.8","15.58","36.19","5.66","5.84","2.66","17.2","u","93.79","133.57","116.32","0.07","NP","17.15","NP","12.72","4.43","NP","0.14","NP","0.14","u","-19.82","0.02","-145.07","0.16","13.49","NP","NP","NP","NP","NP",NaN
"NWT","SADDLE STREAM 007",2011,2011-07-11,"1030","6.26","11.55","74.60","NP","NP","0.55","0.57","58.47","12.23","33.04","2.89","1.86","1.00","17.55","0.10","100.02","107.75","95.11","0.06","NP","15.12","NP","13.55","1.57","NP","0.31","NP","0.27","0.03","-19.80","0.03","-145.03","0.31","13.41","NP","NP","NP","NP","NP",NaN
"NWT","SADDLE STREAM 007",2011,2011-07-14,"1200","6.68","11.96","83.12","NP","NP","0.21","u","60.9","13.05","39.66","1.81","1.78","0.35","19.55","0.17","119.63","115.64","104.97","0.05","NP","9.97","NP","9.62","0.35","NP","0.10","NP","0.04","0.06","-17.49","0.04","-127.61","0.02","12.29","NP","NP","NP","NP","NP",NaN
"NWT","SADDLE STREAM 007",2011,2011-07-18,"0930","6.73","12.95","89.93","NP","NP","0.19","0.77","65.49","14.31","41.34","6.83","8.52","0.95","16.95","0.20","104.90","128.93","116.55","0.05","NP","13.29","NP","11.57","1.72","NP","0.13","NP","0.06","0.07","-17.32","0.06","-126.25","0.11","12.32","NP","NP","NP","NP","NP",NaN
"NWT","SADDLE STREAM 007",2011,2011-07-25,"1200","6.66","16.23","123.14","NP","NP","0.22","u","83.76","16.21","49.35","5.73","3.3","0.16","22.78","0.19","138.54","155.27","149.57","0.02","NP","14.16","NP","14.00","0.16","NP","0.14","NP","0.08","0.06","-16.15","0.04","-116.75","0.12","12.45","NP","NP","NP","NP","NP",NaN
"NWT","SADDLE STREAM 007",2011,2011-07-29,"0950","6.78","17.21","140.89","NP","NP","0.17","u","91.95","17.84","48.35","3.53","1.52","u","22.01","0.11","144.57","161.83","164.53","-0.01","NP","8.55","NP","8.55","u","NP","0.25","NP","0.22","0.04","-16.85","0.03","-123.64","0.14","11.19","NP","NP","NP","NP","NP",NaN
"NWT","SADDLE STREAM 007",2011,2011-08-02,"1030","6.89","17","134.67","NP","NP","0.13","u","90.05","18.22","56.31","2.37","1.24","u","22.17","0.14","146.59","167.09","158.22","0.03","NP","5.12","NP","5.12","u","NP","0.11","NP","0.06","0.05","-16.26","0.02","-119.26","0.36","10.83","NP","NP","NP","NP","NP",NaN
"NWT","SADDLE STREAM 007",2011,2011-08-11,"1000","6.59","11.26","73.78","NP","NP","0.26","1.16","50.31","16.41","40.72","3.6","2.03","u","23.63","u","89.52","112.45","99.44","0.06","NP","5.38","NP","5.38","u","NP","u","NP","u","u","-19.19","0.05","-141.23","0.08","12.25","NP","NP","NP","NP","NP",NaN
"NWT","SADDLE STREAM 007",2012,2012-05-04,"1130","6.39","17.02","88.72","NP","NP","0.41","u","104.74","29.83","14.57","32.51","12.41","1.00","15.03","0.45","72.99","182.06","117.62","0.22","NP","28.12","NP","27.12","1.00","NP","0.23","NP","0.08","0.15","-16.90","0.08","-122.90","0.11","12.27","NP","NP","NP","11.14","NP",NaN
"NWT","SADDLE STREAM 007",2012,2012-05-15,"1000","6.5","16.01","100.88","NP","NP","0.32","u","45.42","31.32","29.06","20.17","6.91","2.48","22.51","0.17","176.50","126.29","132.95","-0.03","NP","38.53","NP","36.05","2.48","NP","0.31","NP","0.25","0.06","-13.77","0.05","-96.50","0.07","13.62","NP","NP","NP","11.20","NP",NaN
"NWT","SADDLE STREAM 007",2012,2012-05-22,"1000","6.38","10.12","71.35","NP","NP","0.42","u","45.83","18.04","14.96","13.75","3.92","0.53","10.58","0.10","110.57","93.00","86.47","0.04","NP","18.86","NP","18.33","0.53","NP","0.29","NP","0.26","0.03","-15.07","0.03","-109.85","0.18","10.71","NP","NP","NP","5.23","NP",NaN
"NWT","SADDLE STREAM 007",2012,2012-06-01,"1200","6.29","10.3","65.00","NP","NP","0.51","3.76","46.65","12.57","13.84","8.49","5.9","0.84","8.29","0.12","67.77","85.83","80.14","0.03","NP","16.38","NP","11.78","4.60","NP","0.30","NP","0.26","0.04","-16.63","0.08","-122.53","0.12","10.48","NP","NP","NP","4.12","NP",NaN
"NWT","SADDLE STREAM 007",2013,2013-05-28,"1100","6.44","10.94","81.63","NP","NP","0.36","<0.50","80.33","23.13","5.78","11.91","2","0.79","8.16","0.16","31.85","121.52","92.74","0.13","NP","15.66","NP","14.87","0.79","NP","0.21","NP","0.16","0.05","-18.56","0.00","-131.63","0.16","16.82","NP","NP","NP","6.07","NP",NaN
"NWT","SADDLE STREAM 007",2013,2013-06-03,"0800","6.32","10.6","72.18","NP","NP","0.48","0.58","74.79","21.41","6.24","8.71","2.12","<0.02","6.66","0.20","41.81","112.20","81.16","0.16","NP","14.67","NP","14.09","0.58","NP","0.24","NP","0.18","0.07","-17.84","0.02","-127.51","0.08","15.23","NP","NP","NP","5.84","NP",NaN
"NWT","SADDLE STREAM 007",2013,2013-06-10,"0800","6.16","8.67","49.38","NP","NP","0.69","2.33","52.62","13.11","13.89","5.33","3.24","1.52","10.58","0.10","80.27","87.97","64.81","0.15","NP","16.03","NP","12.19","3.84","NP","0.35","NP","0.31","0.03","-16.81","0.02","-121.29","0.06","13.21","NP","NP","NP","4.24","NP",NaN
"NWT","SADDLE STREAM 007",2013,2013-06-14,"0745","6.56","11.11","71.66","NP","NP","0.28","1.19","65.51","14.37","28","4.37","3.89","1.08","16.24","0.10","167.29","113.72","92.98","0.10","NP","14.94","NP","12.67","2.27","NP","0.28","NP","0.24","0.03","-15.61","0.02","-114.13","0.07","10.78","NP","NP","NP","3.81","NP",NaN
"NWT","SADDLE STREAM 007",2013,2013-06-17,"0830","6.55","11.41","78.41","NP","NP","0.28","1.40","68.25","14.45","30.71","3.59","2.45","0.55","17.41","0.01","202.88","118.68","98.82","0.09","NP","9.94","NP","7.99","1.95","NP","0.25","NP","0.25","0.00","-15.47","0.02","-112.73","0.04","11.04","NP","NP","NP","3.05","NP",NaN
"NWT","SADDLE STREAM 007",2013,2013-07-03,"DNS","6.7","17.7","136.59","NP","NP","0.2","1.48","93.72","21.63","54.54","6.52","3.7","0.45","24.05","<0.06","342.82","178.10","164.78","0.04","NP","11.29","NP","9.36","1.93","NP","0.10","NP","0.10","<0.02","-14.35","0.01","-107.86","0.03","6.90","NP","NP","NP","2.07","NP",NaN
"NWT","SADDLE STREAM 007",2013,2013-09-17,"0930","6.84","14.96","124.34","NP","NP","0.14","<0.50","93.72","17.69","53.26","2.4","4.29","<0.02","20.26","<0.06","431.76","167.21","148.89","0.06","NP","7.39","NP","u","u","NP","0.05","NP","0.05","<0.02","-15.23","0.03","-108.57","0.20","13.25","NP","NP","NP","2.19","NP",NaN
"NWT","SADDLE STREAM 007",2014,2014-05-20,"1235","6.85","30.8","244.09","NP","NP","0.141253754462275","0.20427995122334502","204.672749421158","41.958542781721","33.3620813398768","29.5701270609815","12.2133528897413","5.8543760251205956","29.8558425010618","0.22343822659650028","166.14973445470395","309.70475435819924","292.23700964252026","0.029018994461494276","NP","22.5759025234413","NP","16.721526498320706","5.8543760251205956","NP","0.18653053792858526","NP","0.11205112906308516","0.074479408865500099","-19.322388070864278","0.043698640633413978","-137.70746924293687","0.14086955677589819","NP","NP","NP","NP","6.136883984077576","NP",NaN
"NWT","SADDLE STREAM 007",2014,2014-05-29,"1110","6.66","17.79","141.66","NP","NP","0.218776162394955","0.10235278458880295","111.593422767445","27.7561965284633","17.2225601355732","17.5611448620531","4.08992186838913","2.9352518913827779","16.7392589754907","0.2019410971171757","95.438047233163289","174.35210045592962","165.62637383237984","0.025665526741996497","NP","14.261277354143008","NP","11.32602546276023","2.9352518913827779","NP","0.13652985817782648","NP","0.069216159138767913","0.067313699039058567","-18.963232539216666","0.040949656992447639","-136.46255449195996","0.24055512195799889","NP","NP","NP","NP","5.3681993984829521","NP",NaN
"NWT","SADDLE STREAM 007",2014,2014-06-03,"1240","6.44","14.86","97.450000000000003","NP","NP","0.3630780547701","2.4466781265537221","92.665952967026","25.322600579253","14.9718700331103","9.66430270672856","3.07449299072011","0.59672703286353179","12.6169041531684","0.28115937981434103","104.90330847162137","145.43448246744171","114.01928355656636","0.12108206942723043","NP","36.728920408796739","NP","33.685515249379485","3.043405159417254","NP","0.77370354813714737","NP","0.6799837548657004","0.093719793271447013","-17.664289012499999","0.088828496702260937","-128.41616691567","0.088414816635286067","NP","NP","NP","NP","9.3347193476840005","NP","DOC/TDN checked"
"NWT","SADDLE STREAM 007",2014,2014-06-10,"1030","6.25","9.52","72.629999999999995","NP","NP","0.562341325190349","0.20427995122334502","56.6978512329541","15.5279504668641","10.0532157360917","6.29614026030638","4.48481087637153","0","7.12043105673859","0.1216225937373539","43.675634325673158","89.137499021406569","84.356864526847488","0.027554984477806629","NP","13.545922083051567","NP","13.545922083051567","0","NP","0.1603561656550655","NP","0.11981530107594754","0.040540864579117965","-19.221718395939998","0.010840827867216107","-142.00740206807998","0.10083665991966183","NP","NP","NP","NP","4.4313944537186307","NP",NaN
"NWT","SADDLE STREAM 007",2014,2014-06-17,"1100","6.35","8.37","66.909999999999997","NP","NP","0.446683592150963","0","48.8982551239721","12.4560222306022","8.80335634842844","0.667312618178098","3.92068372211096","0.74187685166817463","7.2869908475395","0.10761005587893716","43.078855184522503","71.271629913331722","78.967161477197578","-0.051222001273041155","NP","11.665115153832209","NP","10.923238302164034","0.74187685166817463","NP","0.17291736959385287","NP","0.13704735096754048","0.035870018626312387","-18.846525419140001","0.033539495505945774","-138.93978771419998","0.35218331138460907","NP","NP","NP","NP","2.8531321571659203","NP",NaN
"NWT","SADDLE STREAM 007",2014,2014-07-01,"1000","6.69","11.85","83.090000000000003","NP","NP","0.204173794466953","0.35717011551257782","66.1046167040918","13.0711396843699","29.5839139047534","3.32681631812951","1.52314331650354","0","15.5317004921842","0.15461875793411894","260.24653947181514","112.29066040581154","100.29946256662184","0.05640524438073069","NP","12.555547476730196","NP","12.555547476730196","0","NP","0.048887122722283169","NP","u","0.051539585978039648","-17.363400779553334","0.04720355823722934","-128.07689493512669","0.28378454430243305","NP","NP","NP","NP","2.268803536591216","NP",NaN
"NWT","SADDLE STREAM 007",2014,2014-07-08,"0830","6.81","14.87","116.36","NP","NP","0.154881661891248","0.45909697374470948","83.4951127512775","15.4665764897499","40.9653447546869","2.22021420653675","2.14368318619017","0","19.1127359944036","0.11357583744115063","339.94795829405308","142.76122683788697","137.72999501803491","0.0179372166678229","NP","6.4946137755274052","NP","6.4946137755274052","0","NP","0.027921151055724142","NP","u","0.037858612480383545","-16.760635736219999","0.048869915520537613","-124.24434783999334","0.19790009635223849","NP","NP","NP","NP","1.6131726844572158","NP",NaN
"NWT","SADDLE STREAM 007",2014,2014-07-15,"0930","6.85","15.94","124.47","NP","NP","0.141253754462275","2.2565444563530321","84.2903072131936","18.1054557197762","47.4481446944167","1.9315983149711","1.26928609708628","0","21.4862130133165","0.13471849010783232","389.36740450700597","154.17330415317292","147.36021760051057","0.022594789836427622","NP","6.4494178572751357","NP","6.4494178572751357","0","NP","0.041107162129527947","NP","u","0.044906163369277441","-16.626550206278335","0.061530174472505333","-122.12552350961667","0.14931541286906694","NP","NP","NP","NP","1.5589715716610721","NP",NaN
"NWT","SADDLE STREAM 007",2014,2014-07-22,"0815","6.94","22.8","192.30000000000001","NP","NP","0.114815362149688","16.330055530567517","106.773162843912","20.6684607758309","61.5364439455933","6.99897638512608","6.45925591628353","0","21.215553353265","0.092975092019112804","414.38723479692652","212.42191484317959","220.06778436156765","-0.017678732077196554","NP","17.893526378384749","NP","17.893526378384749","0","NP","0.11699493453864529","NP","0.086003237198941027","0.030991697339704267","-16.163664032513335","0.060444280284748041","-118.76466742282666","0.14467202508285767","NP","NP","NP","NP","1.6914773243392001","NP",NaN
"NWT","SADDLE STREAM 007",2014,2014-08-05,"0930","6.89","25.2","199.55000000000001","NP","NP","0.128824955169313","19.427010389370807","105.034482110005","20.6684607758309","58.2208854261281","5.98532086494553","1.55134967421657","0","18.9461762036027","0.15313537921735648","419.62683541034426","209.46498452144962","220.20066125703664","-0.0249861184878667","NP","9.5990154734983939","NP","9.5990154734983939","0","NP","0.27629880714793043","NP","0.22525368074214494","0.051045126405785492","-15.689059211956668","0.028735014421661535","-115.59877044618334","0.18711569557115595","NP","NP","NP","NP","1.6416556680887289","NP",NaN
"NWT","SADDLE STREAM 007",2015,2015-06-15,"1230","6.38","8.39","47.119999999999997","NP","NP","0.416869383470335","0.76922923825740463","52.0356395019561","14.3165925479105","8.75263597573272","7.34787859403611","2.11547682847714","2.6288244961285319","7.16207100443882","0.36222771537741327","39.531774142974108","83.638845241363171","59.388600044421892","0.16954959342583892","NP","17.25851928221822","NP","13.860465547832284","3.3980537343859365","NP","0.19722847023955575","NP","0.076485898447084658","0.1207425717924711","NP","NP","NP","NP","NP","NP","NP","NP","3.8423733997559761","NP",NaN
"NWT","SADDLE STREAM 007",2015,2015-06-20,"0900","6.4","7.95","50.939999999999998","NP","NP","0.398107170553496","5.692579546752623","53.2997227584232","12.6275483203685","12.1388935579648","5.33842279167306","1.41031788565143","0.99992097398753965","6.76649150128667","0.33199694075999231","79.757953834829223","89.495274145735721","60.448727301685629","0.19371596438444663","NP","13.41547357619541","NP","6.7229730554552471","6.6925005207401629","NP","0.21951311960999553","NP","0.1088474726899981","0.11066564691999743","NP","NP","NP","NP","NP","NP","NP","NP","3.4634865539358723","NP",NaN
"NWT","SADDLE STREAM 007",2015,2015-06-23,"1100","6.56","10.74","74.530000000000001","NP","NP","0.275422870333816","0.76922923825740463","65.9875283925549","14.1816802312932","24.3985764057495","2.01260543056621","1.26928609708628","0.51608824463873015","12.8459238655196","0.4641425255859753","191.01028690902049","107.62504256875503","89.625440732830597","0.0912525106891829","NP","15.002156270931945","NP","13.71683878803581","1.2853174828961347","NP","0.29899060628430296","NP","0.14427643108897786","0.1547141751953251","-16.1315916","0.068353012208096239","-118.36987466666669","0.40749107842452764","NP","NP","NP","NP","3.4818575617159997","NP",NaN
"NWT","SADDLE STREAM 007",2015,2015-06-30,"1100","6.87","15.69","123.11","NP","NP","0.134896288259165","0.76922923825740463","95.9342263093214","18.8198397220138","45.2718793636613","4.79474190660324","0.874397089103884","0","21.7360526995178","0.12019344407567638","333.43302979789502","165.72481282811631","145.84064323269737","0.063820199603699959","NP","5.8408954557850175","NP","5.0716662175276124","0.76922923825740463","NP","0.029135404816943287","NP","u","0.040064481358558793","-15.807840399999998","0.04477072594810079","-115.58911783333333","0.21965856333997391","NP","NP","NP","NP","1.9707103759834999","NP",NaN
"NWT","SADDLE STREAM 007",2015,2015-07-07,"1000","7.04","15.53","123.45999999999999","NP","NP","0.091201083935591","2.7631342920173898","95.0717862945908","18.5516893130635","44.8789549294687","3.71261429451179","0.846190731390855","0","17.8427175895467","0.088402582660528223","361.47430273648865","165.06938020758784","142.23731090359809","0.074297338666566598","NP","8.1523305667679047","NP","5.3891962747505149","2.7631342920173898","NP","0.03342456539032735","NP","0.0039570378368179414","0.029467527553509409","-15.503553199999999","0.020880375870180698","-113.01852883333333","0.099692816173397036","NP","NP","NP","NP","2.0535302887159999","NP",NaN
"NWT","SADDLE STREAM 007",2015,2015-07-14,"1030","7.04","15.93","128.22","NP","NP","0.091201083935591","0.10278843353537895","96.3655996207585","18.6857726283646","49.5370174657631","4.43327067669173","0.846190731390855","0","19.3833956544551","0.095582018693229784","395.70137882804931","169.21564990904889","148.54516840453914","0.065050441442754306","NP","8.3276115346904707","NP","8.2248231011550921","0.10278843353537895","NP","0.0083664577113062768","NP","u","0.031860672897743261","-15.339731199999997","0.061012215082556082","-112.39547349999999","0.062425962389454644","NP","NP","NP","NP","1.5057786443696002","NP",NaN
"NWT","SADDLE STREAM 007",2015,2015-07-21,"0928","7.01","20.7","174.86000000000001","NP","NP","0.097723722095581","0.19805109758187206","122.438126686627","24.0417133141165","59.9648723649271","3.17405898746867","4.23095365695428","0","21.1530934317147","0.096483970675405192","423.21358360431327","209.91454617281639","200.34053105934433","0.023336737665903849","NP","8.3399104733050269","NP","8.1418593757231541","0.19805109758187206","NP","0.019832981608768677","NP","u","0.032161323558468395","-15.387802666666666","0.050954478451784052","-113.39924773333333","0.30923769640568483","NP","NP","NP","NP","1.4787881565714001","NP",NaN
"NWT","SADDLE STREAM 007",2016,2016-06-14,"1030","6.68","9.41","64.359999999999999","NP","NP","0.208929613085404","-1.4122776956742231","55.1475726848204","13.0518099972359","45.4403466145856","1.63749194570099","1.80520689363382","0","18.6546965697011","-0.017330270504991297","207.95818121004717","114.07387315975404","84.802573192829939","0.14718334173685715","NP","15.973783974812052","NP","17.386061670486274","-1.4122776956742231","NP","0.19521886038935882","NP","0.20099561722435591","-0.0057767568349970993","-15.144643","0.028305000877583461","-110.1118752","0.31453437934622563","NP","NP","NP","NP","3.5769000000000002","NP",NaN
"NWT","SADDLE STREAM 007",2016,2016-06-21,"1040","7.09","12.63","97.230000000000004","NP","NP","0.0812830516164099","-0.71921406898128037","60.1317176987126","14.5597671802238","42.6859425015964","4.05968766814997","1.1846670239472","0.19353309173952382","21.402933117916","0.029655018634984171","321.25774197714213","120.79918403131779","120.04078825223772","0.0031489614115516088","NP","6.8074564315648942","NP","7.3331374088066505","-0.52568097724175655","NP","0.069654494091818939","NP","0.059769487880157547","0.0098850062116613898","-15.891235","0.014729446770670758","-116.34751440000001","0.13059161878162148","NP","NP","NP","NP","1.8119000000000001","NP",NaN
"NWT","SADDLE STREAM 007",2016,2016-07-05,"0930","7.11","14.92","121.20999999999999","NP","NP","0.0776247116628689","-0.85786137594151113","84.6398865549701","16.6863320283975","48.9139010833065","4.67106116343921","0.930809804529941","0","23.9637899014799","0.062924232623516485","397.90435381933241","154.13094416583465","146.16752393863334","0.02651835115066585","NP","10.538527990176128","NP","11.396389366117639","-0.85786137594151113","NP","0.062064957706463496","NP","0.04109021349862467","0.02097474420783883","-15.274296700000001","0.037639296143392467","-112.38304479999999","0.06992235146160404","NP","NP","NP","NP","1.3426","NP",NaN
"NWT","SADDLE STREAM 007",2017,2017-06-15,"1105","6.92","12.03","96.76","NP","NP","0.120226443461741","0.3485024246967503","71.6344788822355","18.6419001020731","21.2718297413418","7.82211731962559","2.25650861704228","0","10.6181866635575","7.9525194832637064E-2","72.958427686391786","119.83905491343448","109.71422047543247","4.4106686871927134E-2","NP","8.9500024988041442","NP","8.6015000741073937","0.3485024246967503","NP","0","NP","u","2.6508398277545687E-2","-18.2120824","6.1176016124947982E-2","-132.35552373333334","0.40897796167545375","NP","NP","NP","NP","2.5407000000000002","NP",NaN
"NWT","SADDLE STREAM 007",2017,2017-06-27,"1230","6.86","12.21","82.52","NP","NP","0.138038426460288","0.3485024246967503","62.8754523966716","13.3792522716683","39.8776550425537","5.26753494084701","1.69238146278171","0","21.4445730656162","0.10604145779009171","136.74861674855799","121.88643550289767","105.76299598618803","7.0825740311513369E-2","NP","25.170097167783986","NP","24.821594743087235","0.3485024246967503","NP","4.125037055562731E-2","NP","5.9032179589300765E-3","3.5347152596697233E-2","-17.3026284","3.3386542225274513E-2","-126.24234186666665","0.10296994116835489","NP","NP","NP","NP","2.4157000000000002","NP",NaN
"NWT","SADDLE STREAM 007",2017,2017-07-05,"DNS","6.95","14.14","103.8","NP","NP","0.112201845430196","0.3485024246967503","74.4143415956487","14.8536959765712","48.8677718363144","4.3570262734387","1.12825430852114","0","23.9429699276298","0.12969982268394462","154.0813786228014","142.95353995209996","129.00092405883484","5.1304971014206668E-2","NP","9.5789871989833451","NP","9.2304847742865945","0.3485024246967503","NP","3.1385960805837151E-2","NP","u","4.3233274227981539E-2","NP","NP","NP","NP","NP","NP","NP","NP","2.2025999999999999","NP",NaN
"NWT","SADDLE STREAM 007",2017,2017-06-20,"1130","6.83","10.02","68.150000000000006","NP","NP","0.14791083881682","0.97015620253164481","56.4632022087774","13.8399490860809","22.2764896755257","3.8533042652294","1.69238146278171","0","12.2837845715666","0.17434615797156325","77.228856013672299","97.551012276961913","82.300512192319871","8.4794944772607642E-2","NP","7.5778020518751736","NP","6.6076458493435286","0.97015620253164481","NP","4.125037055562731E-2","NP","u","5.811538599052108E-2","-18.215746866666667","1.9913646313270444E-2","-132.95347306666667","9.7817995985950937E-2","NP","NP","NP","NP","3.2311999999999999","NP",NaN
"NWT","SADDLE STREAM 007",2017,2017-07-11,"1007","6.97","15.07","113.19","NP","NP","0.107151930523761","0.59714504401465174","80.9270960878244","15.9603887339256","50.7489727231033","3.25084519249655","1.12825430852114","0","22.4855717581219","0.12381158742655132","159.42659688100832","151.59159971188822","136.92763765406957","5.0824902324342697E-2","NP","4.7535108198219422","NP","4.1563657758072905","0.59714504401465174","NP","2.8346556334990631E-2","NP","u","4.1270529142183772E-2","NP","NP","NP","NP","NP","NP","NP","NP","2.137","NP",NaN
"NWT","SADDLE STREAM 007",2017,2017-07-18,"0920","6.91","17.01","140.78","NP","NP","0.123026877081238","0","95.4833264157834","18.920110174926","55.8376451072867","4.05461102401412","1.12825430852114","0","21.2363733271151","9.6430842560909127E-2","168.63083386740723","174.41871959909147","163.24105847819717","3.3103324253017152E-2","NP","5.9850642906608984","NP","5.9850642906608984","0","NP","3.3664216849292959E-2","NP","1.5206026623232477E-3","3.2143614186969711E-2","NP","NP","NP","NP","NP","NP","NP","NP","2.1017999999999999","NP",NaN
"NWT","SADDLE STREAM 007",2018,2018-05-22,"0930","6.56","12.04","124.15","NP","NP","0.275422870333816","-0.947628616469262","81.2672931922156","24.824381855668","9.49143294480161","15.2387267342233","5.07714438834513","0","7.91159006304288","0.21423411386023891","18.591348486790572","130.14962898077303","137.35296856524826","-2.6928110794273551E-2","NP","12.922387143295708","NP","13.87001575976497","-0.947628616469262","NP","0.11678776351778909","NP","4.5376392231042784E-2","7.1411371286746309E-2","NP","NP","NP","NP","NP","NP","NP","NP","6.86","NP",NaN
"NWT","SADDLE STREAM 007",2018,2018-05-29,"1015","6.32","9.56","96.74","NP","NP","0.478630092322637","1.2243836018262693","55.174646506986","15.4107712083827","14.1504732583668","7.34818087800113","3.94889007982399","2.1418307262813099","8.32798954004514","0.10190575006795892","23.873775546535644","93.787085545885517","111.26061609621838","-8.5216905190342807E-2","NP","13.136570355615527","NP","9.7703560275079475","3.3662143281075791","NP","0.20212421625879767","NP","0.16815563290281138","3.3968583355986307E-2","NP","NP","NP","NP","NP","NP","NP","NP","4.88","NP",NaN
"NWT","SADDLE STREAM 007",2018,2018-06-05,"1045","6.54","10.44","62.24","NP","NP","0.28840315031266","2.4205567692604255","59.1208185315369","13.8905474594933","15.8650938575716","6.42497286612449","3.38476292556342","1.4278871508542068","8.53618927854627","0.51242925275844264","31.545965961689099","98.010392634299379","76.101268607722332","0.12583375444406647","NP","17.919995430758135","NP","14.071551510643502","3.8484439201146321","NP","0.19243039354942848","NP","2.162064262994759E-2","0.17080975091948089","NP","NP","NP","NP","NP","NP","NP","NP","4.51","NP",NaN
"NWT","SADDLE STREAM 007",2018,2018-06-12,"0900","6.81","11.55","85.44","NP","NP","0.154881661891248","0.24652195734898197","67.9336552221557","15.2079926006334","35.5357250780781","4.0900348562938","2.53857219417257","0","17.4887780340948","0.16373491846670368","84.276538488926846","123.16881137640128","105.63108514673405","7.6650936019518195E-2","NP","20.77577159502238","NP","20.529249637673399","0.24652195734898197","NP","9.9659379266481551E-2","NP","4.5081073110913659E-2","5.4578306155567892E-2","NP","NP","NP","NP","NP","NP","NP","NP","3.5","NP",NaN
"NWT","SADDLE STREAM 007",2018,2018-06-20,"1235","6.5","16.45","120.2","NP","NP","0.316227766016837","4.2713588003526866","82.1611471630739","17.0344738528052","46.2432638987899","5.38397745257532","3.38476292556342","0","19.3625756806049","0.13757068419744042","113.48030477818131","155.41044893361382","143.0849092903658","4.1292232202818385E-2","NP","15.849557711666559","NP","11.578198911313873","4.2713588003526866","NP","5.0777621953896804E-2","NP","4.9207272214166625E-3","4.5856894732480141E-2","NP","NP","NP","NP","NP","NP","NP","NP","2.74","NP",NaN
"NWT","SADDLE STREAM 007",2019,2019-06-18,"1005","6.07","9.58","63.61","NP","NP","0.851138038202374","0.642549636959455","51.6966067864271","14.5607107601185","8.69951021757475","5.11482788604163","2.25650861704228","2.141830726281310","5.41319320102934","0.2130819396913540","33.8246813358969","81.5653433253238","73.6346144840443","0.05110007085840090","NP","13.27935916382870","NP","10.49497880058800","2.784380363240770","NP","<0.0258","NP","u","0.07102731323045130","NP","NP","NP","NP","NP","NP","NP","NP","3.53000000","NP",NaN
"NWT","SADDLE STREAM 007",2019,2019-06-25,"0930","6.28","12.52","99.77","NP","NP","0.524807460249771","4.712030671036000","69.5109780439122","18.756169792695","28.3169057582058","16.6487647690655","3.38476292556342","3.569717877135520","13.9493824795756","1.0557241557435300","111.6214484084600","138.4696564951640","121.7295874380180","0.06433557916657500","NP","21.98947646483470","NP","13.70772791666320","8.281748548171520","NP","0.09362691289468590","NP","u","0.35190805191450900","NP","NP","NP","NP","NP","NP","NP","NP","2.98000000","NP",NaN
"NWT","SADDLE STREAM 007",2019,2019-07-02,"1100","6.16","8.87","53.82","NP","NP","0.691830970918935","1.285099273918910","52.0459081836327","12.9976966107272","19.9653759493341","11.7385299984656","1.974445039912","2.141830726281310","10.2017871865553","0.3777361658164910","67.1864986114078","98.7244409869974","68.5157991185651","0.18063022302147200","NP","12.85099273918910","NP","9.42406273898888","3.426930000200220","NP","<0.0258","NP","u","0.12591205527216400","NP","NP","NP","NP","NP","NP","NP","NP","3.42000000","NP",NaN
"NWT","SADDLE STREAM 007",2019,2019-07-09,"1040","6.66","9.61","84.09","NP","NP","0.218776162394955","2.070437719091580","61.5768463073852","12.7509049029286","34.7545433192111","20.4337374047363","2.82063577130285","<0.323","20.4035743731106","0.3293084522502740","130.7768995228940","131.8052458157480","107.6435185966640","0.10090562496062600","NP","13.63633118436180","NP","11.56589346527020","2.070437719091580","NP","0.49073416413766400","NP","0.38096468005423900","0.10976948408342500","NP","NP","NP","NP","NP","NP","NP","NP","2.83000000","NP",NaN
"NWT","SADDLE STREAM 007",2019,2019-07-16,"0915","6.42","16.77","140.51","NP","NP","0.380189396320561","3.212748184797280","95.059880239521","18.1803224744982","53.8499682467877","31.6607846145977","5.35920796547542","<0.323","24.7757688816343","0.3196229095370310","154.8102257352420","202.3438931565220","170.9645997566470","0.08405727165487890","NP","17.06326258147890","NP","13.85051439668160","3.212748184797280","NP","0.05811325627946020","NP","u","0.10654096984567700","NP","NP","NP","NP","NP","NP","NP","NP","2.33000000","NP",NaN
"NWT","SADDLE STREAM 007",2019,2019-07-16,"1300","6.67","13.33","114.68","NP","NP","0.213796208950223","1.642071294451940","75.4491017964072","14.5607107601185","45.5854335400917","26.8016981228582","1.41031788565143","<0.323","22.9019712351241","0.3002518241105440","147.3331909136220","164.2528117228780","139.2925409448860","0.08222913168863790","NP","8.99569491743237","NP","7.35362362298043","1.642071294451940","NP","0.09362691289468590","NP","u","0.10008394137018100","NP","NP","NP","NP","NP","NP","NP","NP","2.25000000","NP",NaN
"NWT","SADDLE STREAM 007",2020,2020-05-19,"1142","6.66","19.53","93.03","NP","NP","0.2187761623949550","7.781990047620070","102.2455089820360","28.1342546890424","21.48779023740960","12.633624878522800","21.154768284771400","0.806387882248016","15.19858091058240","0.5327048492283850","<0.0214","172.5019449970260","130.7224419268300","0.13778411259740500","NP","39.90947189559280","NP","31.32109396572470","8.588377929868080","NP","0.54239039194162900","NP","0.36482210886550000","0.17756828307612800","NP","NP","NP","NP","NP","NP","NP","NP","9.76000000","NP","NaN"
"NWT","SADDLE STREAM 007",2020,2020-05-28,"0825","6.67","14.35","83.11","NP","NP","0.2137962089502230","3.498325801223700","83.1836327345309","22.3757815070747","13.78872369485600","8.107002199375990","10.154288776690300","2.257886070294440","7.28699084753950","0.1646542261251370","<0.0214","131.1672621460120","102.9738199206490","0.12041219753710500","NP","38.90995023810030","NP","33.15373836658220","5.756211871518150","NP","0.24213856783108400","NP","0.18725382578937200","0.05488474204171240","NP","NP","NP","NP","NP","NP","NP","NP","5.82000000","NP","NaN"
"NWT","SADDLE STREAM 007",2020,2020-06-02,"1020","6.48","8.33","44.21","NP","NP","0.3311311214825900","2.070437719091580","49.8502994011976","14.2316551497203","11.09187552740780","6.521405554703080","4.230953656954280","0.806387882248016","7.49519058604062","0.3583650803900050","<0.0214","84.0968044736030","57.1008972056329","0.19119225700498800","NP","25.91616869069800","NP","23.03934308935840","2.876825601339590","NP","0.35190805191450900","NP","0.23245302511784100","0.11945502679666800","NP","NP","NP","NP","NP","NP","NP","NP","4.45000000","NP","NaN"
"NWT","SADDLE STREAM 007",2020,2020-06-23,"DNS","6.58","14.24","97.02","NP","NP","0.2630267991895380","0.785338445172667","77.1457085828343","15.6301414939125","45.75942374444320","26.903994680579000","2.820635771302850","0.322555152899206","27.89876495915120","0.2518241105443280","<0.0214","166.4876337461310","128.3137799938980","0.12949006338856100","NP","11.80149499882200","NP","10.69360140075010","1.107893598071870","NP","0.27442371020856200","NP","0.19048234002712000","0.08394137018144250","NP","NP","NP","NP","NP","NP","NP","NP","2.017000000","NP","NaN"
"NWT","SADDLE STREAM 007",2020,2020-07-07,"DNS","6.85","21.21","146.66","NP","NP","0.1412537544622750","16.777684965052400","92.1157684630739","18.0980585718987","65.81179479595300","38.693672957905000","14.103178856514300","<0.323","25.40036809713770","0.6198747336475760","<0.0214","231.6382335083450","186.7834216872990","0.10720002481724500","NP","48.08413116579920","NP","31.30644620074680","16.777684965052400","NP","0.19693936850261500","NP","u","0.20662491121585800","NP","NP","NP","NP","NP","NP","NP","NP","1.942000000","NP","NaN"
